SAMPLE_NAME,POPULATION,SUPER,fatherID,motherID,sex
NA12718,CEU,EUR,0,0,2
NA12748,CEU,EUR,0,0,1
NA12775,CEU,EUR,0,0,1
NA12777,CEU,EUR,0,0,1
NA12778,CEU,EUR,0,0,2
NA12827,CEU,EUR,0,0,1
NA12829,CEU,EUR,0,0,1
NA12842,CEU,EUR,0,0,1
NA12843,CEU,EUR,0,0,2
NA12889,CEU,EUR,0,0,1
NA12890,CEU,EUR,0,0,2
NA18488,YRI,AFR,0,0,2
NA18530,CHB,EAS,0,0,1
NA18534,CHB,EAS,0,0,1
NA18536,CHB,EAS,0,0,1
NA18543,CHB,EAS,0,0,1
NA18544,CHB,EAS,0,0,1
NA18546,CHB,EAS,0,0,1
NA18548,CHB,EAS,0,0,1
NA18549,CHB,EAS,0,0,1
NA18557,CHB,EAS,0,0,1
NA18559,CHB,EAS,0,0,1
NA20752,TSI,EUR,0,0,1
NA20753,TSI,EUR,0,0,2
NA20754,TSI,EUR,0,0,1
NA20755,TSI,EUR,0,0,1
NA20756,TSI,EUR,0,0,2
NA20757,TSI,EUR,0,0,2
NA20758,TSI,EUR,0,0,1
NA20759,TSI,EUR,0,0,1
NA20760,TSI,EUR,0,0,2
NA20761,TSI,EUR,0,0,2
NA20762,TSI,EUR,0,0,1
NA20763,TSI,EUR,0,0,1
NA20764,TSI,EUR,0,0,2
NA20765,TSI,EUR,0,0,1
NA20766,TSI,EUR,0,0,2
NA20767,TSI,EUR,0,0,1
NA20768,TSI,EUR,0,0,2
NA20769,TSI,EUR,0,0,2
NA20770,TSI,EUR,0,0,1
NA20771,TSI,EUR,0,0,2
NA20772,TSI,EUR,0,0,2
NA20773,TSI,EUR,0,0,2
HG00443,CHS,EAS,0,0,2
HG00445,CHS,EAS,0,0,1
HG00446,CHS,EAS,0,0,2
HG00448,CHS,EAS,0,0,1
HG00449,CHS,EAS,0,0,2
HG00451,CHS,EAS,0,0,1
HG00452,CHS,EAS,0,0,2
HG00463,CHS,EAS,0,0,1
HG00464,CHS,EAS,0,0,2
HG00118,GBR,EUR,0,0,2
HG00119,GBR,EUR,0,0,1
HG00121,GBR,EUR,0,0,2
HG00122,GBR,EUR,0,0,2
HG00123,GBR,EUR,0,0,2
HG00125,GBR,EUR,0,0,2
HG00126,GBR,EUR,0,0,1
HG00159,GBR,EUR,0,0,1
HG00231,GBR,EUR,0,0,2
HG00232,GBR,EUR,0,0,2
HG00236,GBR,EUR,0,0,2
HG00237,GBR,EUR,0,0,2
HG00239,GBR,EUR,0,0,2
NA18595,CHB,EAS,0,0,2
NA18596,CHB,EAS,0,0,2
NA18597,CHB,EAS,0,0,2
NA18599,CHB,EAS,0,0,2
NA18602,CHB,EAS,0,0,2
NA18606,CHB,EAS,0,0,1
NA18610,CHB,EAS,0,0,2
NA18611,CHB,EAS,0,0,1
NA18612,CHB,EAS,0,0,1
NA18613,CHB,EAS,0,0,1
NA18615,CHB,EAS,0,0,2
NA18616,CHB,EAS,0,0,2
NA18617,CHB,EAS,0,0,2
NA18618,CHB,EAS,0,0,2
NA18619,CHB,EAS,0,0,2
NA18620,CHB,EAS,0,0,1
NA18621,CHB,EAS,0,0,1
NA18622,CHB,EAS,0,0,1
NA18623,CHB,EAS,0,0,1
NA18624,CHB,EAS,0,0,1
NA18625,CHB,EAS,0,0,2
NA18626,CHB,EAS,0,0,2
NA20774,TSI,EUR,0,0,2
NA20775,TSI,EUR,0,0,2
NA20778,TSI,EUR,0,0,1
NA20783,TSI,EUR,0,0,1
NA20785,TSI,EUR,0,0,1
NA20786,TSI,EUR,0,0,2
NA20787,TSI,EUR,0,0,1
NA20790,TSI,EUR,0,0,2
NA20792,TSI,EUR,0,0,1
NA20795,TSI,EUR,0,0,2
NA20796,TSI,EUR,0,0,1
NA20797,TSI,EUR,0,0,2
NA20798,TSI,EUR,0,0,1
NA20799,TSI,EUR,0,0,2
NA20800,TSI,EUR,0,0,2
NA20801,TSI,EUR,0,0,1
NA20802,TSI,EUR,0,0,2
NA20803,TSI,EUR,0,0,1
NA20804,TSI,EUR,0,0,2
NA20805,TSI,EUR,0,0,1
NA20806,TSI,EUR,0,0,1
NA20807,TSI,EUR,0,0,2
HG00242,GBR,EUR,0,0,1
HG00243,GBR,EUR,0,0,1
HG00244,GBR,EUR,0,0,1
HG00245,GBR,EUR,0,0,2
HG00252,GBR,EUR,0,0,1
HG00253,GBR,EUR,0,0,2
HG00254,GBR,EUR,0,0,2
HG00256,GBR,EUR,0,0,1
HG00257,GBR,EUR,0,0,2
HG00258,GBR,EUR,0,0,2
HG00259,GBR,EUR,0,0,2
HG00260,GBR,EUR,0,0,1
HG00261,GBR,EUR,0,0,2
HG00262,GBR,EUR,0,0,2
HG00263,GBR,EUR,0,0,2
HG00264,GBR,EUR,0,0,1
HG00265,GBR,EUR,0,0,1
HG00266,FIN,EUR,0,0,2
HG00267,FIN,EUR,0,0,1
HG00268,FIN,EUR,0,0,2
HG00269,FIN,EUR,0,0,2
HG00271,FIN,EUR,0,0,1
NA18627,CHB,EAS,0,0,2
NA18628,CHB,EAS,0,0,2
NA18630,CHB,EAS,0,0,2
NA18631,CHB,EAS,0,0,2
NA18632,CHB,EAS,0,0,1
NA18633,CHB,EAS,0,0,1
NA18634,CHB,EAS,0,0,2
NA18635,CHB,EAS,0,0,1
NA18636,CHB,EAS,0,0,1
NA18637,CHB,EAS,0,0,1
NA18639,CHB,EAS,0,0,1
NA18640,CHB,EAS,0,0,2
NA18641,CHB,EAS,0,0,2
NA18642,CHB,EAS,0,0,2
NA18643,CHB,EAS,0,0,1
NA18645,CHB,EAS,0,0,1
NA18647,CHB,EAS,0,0,1
NA18740,CHB,EAS,0,0,1
NA18745,CHB,EAS,0,0,1
NA18747,CHB,EAS,0,0,1
NA18748,CHB,EAS,0,0,1
NA18749,CHB,EAS,0,0,1
NA20808,TSI,EUR,0,0,2
NA20809,TSI,EUR,0,0,1
NA20810,TSI,EUR,0,0,1
NA20811,TSI,EUR,0,0,1
NA20812,TSI,EUR,0,0,1
NA20813,TSI,EUR,0,0,2
NA20814,TSI,EUR,0,0,1
NA20815,TSI,EUR,0,0,1
NA20818,TSI,EUR,0,0,2
NA20819,TSI,EUR,0,0,2
NA20821,TSI,EUR,0,0,2
NA20822,TSI,EUR,0,0,2
NA20826,TSI,EUR,0,0,2
NA20827,TSI,EUR,0,0,1
NA20828,TSI,EUR,0,0,2
NA20832,TSI,EUR,0,0,2
NA19222,YRI,AFR,0,0,2
NA19625,ASW,AFR,0,0,2
NA19648,MXL,AMR,0,0,2
NA19649,MXL,AMR,0,0,1
NA19651,MXL,AMR,0,0,2
NA19652,MXL,AMR,0,0,1
HG00272,FIN,EUR,0,0,2
HG00273,FIN,EUR,0,0,1
HG00306,FIN,EUR,0,0,2
HG00308,FIN,EUR,0,0,1
HG00309,FIN,EUR,0,0,2
HG00311,FIN,EUR,0,0,1
HG00313,FIN,EUR,0,0,2
HG00315,FIN,EUR,0,0,2
HG00318,FIN,EUR,0,0,2
HG00319,FIN,EUR,0,0,2
HG00320,FIN,EUR,0,0,2
HG00321,FIN,EUR,0,0,1
HG00323,FIN,EUR,0,0,2
HG00327,FIN,EUR,0,0,2
HG00328,FIN,EUR,0,0,2
HG00335,FIN,EUR,0,0,1
HG00336,FIN,EUR,0,0,1
HG00337,FIN,EUR,0,0,2
HG00338,FIN,EUR,0,0,1
HG00339,FIN,EUR,0,0,2
HG00342,FIN,EUR,0,0,1
HG00343,FIN,EUR,0,0,2
NA18757,CHB,EAS,0,0,1
NA18867,YRI,AFR,0,0,2
NA18868,YRI,AFR,0,0,1
NA18873,YRI,AFR,0,0,2
NA18908,YRI,AFR,0,0,1
NA18910,YRI,AFR,0,0,1
NA18917,YRI,AFR,0,0,1
NA18923,YRI,AFR,0,0,1
NA18924,YRI,AFR,0,0,2
NA18933,YRI,AFR,0,0,2
NA18934,YRI,AFR,0,0,1
NA18939,JPT,EAS,0,0,2
NA18941,JPT,EAS,0,0,2
NA18946,JPT,EAS,0,0,2
NA18954,JPT,EAS,0,0,2
NA18957,JPT,EAS,0,0,2
NA18962,JPT,EAS,0,0,1
NA18963,JPT,EAS,0,0,2
NA18966,JPT,EAS,0,0,1
NA18977,JPT,EAS,0,0,1
NA18978,JPT,EAS,0,0,2
NA18979,JPT,EAS,0,0,2
NA19654,MXL,AMR,0,0,2
NA19655,MXL,AMR,0,0,1
NA19657,MXL,AMR,0,0,2
NA19658,MXL,AMR,0,0,1
NA19661,MXL,AMR,0,0,1
NA19663,MXL,AMR,0,0,2
NA19664,MXL,AMR,0,0,1
NA19669,MXL,AMR,0,0,2
NA19670,MXL,AMR,0,0,1
NA19676,MXL,AMR,0,0,1
NA19678,MXL,AMR,0,0,2
NA19679,MXL,AMR,0,0,1
NA19681,MXL,AMR,0,0,2
NA19682,MXL,AMR,0,0,1
NA19684,MXL,AMR,0,0,2
NA19700,ASW,AFR,0,0,1
NA19701,ASW,AFR,0,0,2
NA19703,ASW,AFR,0,0,1
NA19704,ASW,AFR,0,0,2
NA19707,ASW,AFR,0,0,2
NA19711,ASW,AFR,0,0,1
NA19712,ASW,AFR,0,0,2
HG00344,FIN,EUR,0,0,2
HG00345,FIN,EUR,0,0,1
HG00346,FIN,EUR,0,0,2
HG00349,FIN,EUR,0,0,2
HG00350,FIN,EUR,0,0,2
HG00351,FIN,EUR,0,0,1
HG00353,FIN,EUR,0,0,2
HG00355,FIN,EUR,0,0,2
HG00356,FIN,EUR,0,0,2
HG00357,FIN,EUR,0,0,2
HG00358,FIN,EUR,0,0,1
HG00360,FIN,EUR,0,0,1
HG00361,FIN,EUR,0,0,2
HG00362,FIN,EUR,0,0,2
HG00364,FIN,EUR,0,0,2
HG00365,FIN,EUR,0,0,2
HG00366,FIN,EUR,0,0,1
HG00367,FIN,EUR,0,0,2
HG00368,FIN,EUR,0,0,2
HG00369,FIN,EUR,0,0,1
HG00371,FIN,EUR,0,0,1
HG00372,FIN,EUR,0,0,1
NA18987,JPT,EAS,0,0,2
NA18990,JPT,EAS,0,0,1
NA18991,JPT,EAS,0,0,2
NA18992,JPT,EAS,0,0,2
NA18993,JPT,EAS,0,0,2
NA18994,JPT,EAS,0,0,1
NA18995,JPT,EAS,0,0,1
NA18997,JPT,EAS,0,0,2
NA18998,JPT,EAS,0,0,2
NA18999,JPT,EAS,0,0,2
NA19000,JPT,EAS,0,0,1
NA19001,JPT,EAS,0,0,2
NA19002,JPT,EAS,0,0,2
NA19003,JPT,EAS,0,0,2
NA19007,JPT,EAS,0,0,1
NA19009,JPT,EAS,0,0,1
NA19010,JPT,EAS,0,0,2
NA19012,JPT,EAS,0,0,1
NA19054,JPT,EAS,0,0,2
NA19055,JPT,EAS,0,0,1
NA19056,JPT,EAS,0,0,1
NA19057,JPT,EAS,0,0,2
NA19713,ASW,AFR,0,0,2
NA19716,MXL,AMR,0,0,2
NA19717,MXL,AMR,0,0,1
NA19719,MXL,AMR,0,0,2
NA19720,MXL,AMR,0,0,1
NA19722,MXL,AMR,0,0,2
NA19723,MXL,AMR,0,0,1
NA19725,MXL,AMR,0,0,2
NA19726,MXL,AMR,0,0,1
NA19728,MXL,AMR,0,0,2
NA19729,MXL,AMR,0,0,1
NA19731,MXL,AMR,0,0,2
NA19732,MXL,AMR,0,0,1
NA19746,MXL,AMR,0,0,2
NA19747,MXL,AMR,0,0,1
NA19749,MXL,AMR,0,0,2
NA19750,MXL,AMR,0,0,1
NA19755,MXL,AMR,0,0,2
NA19756,MXL,AMR,0,0,1
NA19758,MXL,AMR,0,0,2
NA19759,MXL,AMR,0,0,1
NA19761,MXL,AMR,0,0,2
HG00373,FIN,EUR,0,0,2
HG00375,FIN,EUR,0,0,1
HG00376,FIN,EUR,0,0,2
NA19058,JPT,EAS,0,0,1
NA19059,JPT,EAS,0,0,2
NA19060,JPT,EAS,0,0,1
NA19062,JPT,EAS,0,0,1
NA19063,JPT,EAS,0,0,1
NA19064,JPT,EAS,0,0,2
NA19065,JPT,EAS,0,0,2
NA19066,JPT,EAS,0,0,1
NA19067,JPT,EAS,0,0,1
NA19068,JPT,EAS,0,0,1
NA19070,JPT,EAS,0,0,1
NA19072,JPT,EAS,0,0,1
NA19074,JPT,EAS,0,0,2
NA19075,JPT,EAS,0,0,1
NA19076,JPT,EAS,0,0,1
NA19077,JPT,EAS,0,0,2
NA19078,JPT,EAS,0,0,2
NA19079,JPT,EAS,0,0,1
NA19080,JPT,EAS,0,0,2
NA19081,JPT,EAS,0,0,2
NA19082,JPT,EAS,0,0,1
NA19083,JPT,EAS,0,0,1
NA19762,MXL,AMR,0,0,1
NA19770,MXL,AMR,0,0,2
NA19771,MXL,AMR,0,0,1
NA19773,MXL,AMR,0,0,2
NA19774,MXL,AMR,0,0,1
NA19776,MXL,AMR,0,0,2
NA19777,MXL,AMR,0,0,1
NA19779,MXL,AMR,0,0,2
NA19780,MXL,AMR,0,0,1
NA19782,MXL,AMR,0,0,2
NA19783,MXL,AMR,0,0,1
NA19785,MXL,AMR,0,0,2
NA19786,MXL,AMR,0,0,1
NA19788,MXL,AMR,0,0,2
NA19789,MXL,AMR,0,0,1
NA19794,MXL,AMR,0,0,2
NA19795,MXL,AMR,0,0,1
NA19818,ASW,AFR,0,0,1
NA19819,ASW,AFR,0,0,2
NA19834,ASW,AFR,0,0,1
NA19835,ASW,AFR,0,0,2
NA19900,ASW,AFR,0,0,1
NA06985,CEU,EUR,0,0,2
NA06986,CEU,EUR,0,0,1
NA06994,CEU,EUR,0,0,1
NA07000,CEU,EUR,0,0,2
NA07037,CEU,EUR,0,0,2
NA07051,CEU,EUR,0,0,1
NA19084,JPT,EAS,0,0,2
NA19085,JPT,EAS,0,0,1
NA19086,JPT,EAS,0,0,1
NA19087,JPT,EAS,0,0,2
NA19088,JPT,EAS,0,0,1
NA19092,YRI,AFR,0,0,1
NA19095,YRI,AFR,0,0,2
NA19096,YRI,AFR,0,0,1
NA19107,YRI,AFR,0,0,1
NA19113,YRI,AFR,0,0,1
NA19117,YRI,AFR,0,0,1
NA19118,YRI,AFR,0,0,2
NA19121,YRI,AFR,0,0,1
NA19130,YRI,AFR,0,0,1
NA19146,YRI,AFR,0,0,1
NA19149,YRI,AFR,0,0,2
NA19175,YRI,AFR,0,0,1
NA19184,YRI,AFR,0,0,1
NA19185,YRI,AFR,0,0,2
NA19189,YRI,AFR,0,0,1
NA19197,YRI,AFR,0,0,2
NA19198,YRI,AFR,0,0,1
NA19901,ASW,AFR,0,0,2
NA19904,ASW,AFR,0,0,1
NA19908,ASW,AFR,0,0,1
NA19909,ASW,AFR,0,0,2
NA19914,ASW,AFR,0,0,2
NA19916,ASW,AFR,0,0,1
NA19917,ASW,AFR,0,0,2
NA19920,ASW,AFR,0,0,1
NA19921,ASW,AFR,0,0,2
NA19982,ASW,AFR,0,0,1
NA20126,ASW,AFR,0,0,1
NA20127,ASW,AFR,0,0,2
NA20276,ASW,AFR,0,0,2
NA20278,ASW,AFR,0,0,1
NA20281,ASW,AFR,0,0,1
NA20282,ASW,AFR,0,0,2
NA20287,ASW,AFR,0,0,2
NA20289,ASW,AFR,0,0,2
NA20291,ASW,AFR,0,0,1
NA20294,ASW,AFR,0,0,2
NA20296,ASW,AFR,0,0,2
NA20299,ASW,AFR,0,0,2
NA07347,CEU,EUR,0,0,1
NA07357,CEU,EUR,0,0,1
NA10847,CEU,EUR,NA12146,NA12239,2
NA10851,CEU,EUR,NA12056,NA12057,1
NA11829,CEU,EUR,0,0,1
NA11830,CEU,EUR,0,0,2
NA11831,CEU,EUR,0,0,1
NA11832,CEU,EUR,0,0,2
NA11840,CEU,EUR,0,0,2
NA11881,CEU,EUR,0,0,1
NA11894,CEU,EUR,0,0,2
NA11918,CEU,EUR,0,0,2
NA11919,CEU,EUR,0,0,1
NA11920,CEU,EUR,0,0,2
NA11931,CEU,EUR,0,0,2
NA11992,CEU,EUR,0,0,1
NA11994,CEU,EUR,0,0,1
NA11995,CEU,EUR,0,0,2
NA12003,CEU,EUR,0,0,1
NA12004,CEU,EUR,0,0,2
NA12005,CEU,EUR,0,0,1
NA12006,CEU,EUR,0,0,2
NA19213,YRI,AFR,0,0,1
NA19214,YRI,AFR,0,0,2
NA19223,YRI,AFR,0,0,1
NA19235,YRI,AFR,0,0,2
NA19236,YRI,AFR,0,0,1
NA19247,YRI,AFR,0,0,2
NA19248,YRI,AFR,0,0,1
NA19256,YRI,AFR,0,0,1
NA07048,CEU,EUR,NA07034,NA07055,1
NA11932,CEU,EUR,0,0,1
NA11933,CEU,EUR,0,0,2
NA12046,CEU,EUR,0,0,2
NA18525,CHB,EAS,0,0,2
NA18528,CHB,EAS,0,0,2
NA18531,CHB,EAS,0,0,2
NA18533,CHB,EAS,0,0,2
NA18535,CHB,EAS,0,0,2
NA18538,CHB,EAS,0,0,2
NA18539,CHB,EAS,0,0,2
NA18541,CHB,EAS,0,0,2
NA18553,CHB,EAS,0,0,2
NA18560,CHB,EAS,0,0,2
NA20314,ASW,AFR,0,0,2
NA20317,ASW,AFR,0,0,2
NA20332,ASW,AFR,0,0,2
NA20334,ASW,AFR,0,0,2
NA20340,ASW,AFR,0,0,1
NA20342,ASW,AFR,0,0,1
NA20346,ASW,AFR,0,0,1
NA20348,ASW,AFR,0,0,1
NA20356,ASW,AFR,0,0,1
NA20357,ASW,AFR,0,0,2
NA20359,ASW,AFR,0,0,2
NA20845,GIH,SAS,0,0,1
NA20846,GIH,SAS,0,0,1
NA20847,GIH,SAS,0,0,2
NA20849,GIH,SAS,0,0,2
NA20850,GIH,SAS,0,0,1
NA20851,GIH,SAS,0,0,2
NA20852,GIH,SAS,0,0,1
NA20853,GIH,SAS,0,0,2
NA20854,GIH,SAS,0,0,2
NA20856,GIH,SAS,0,0,2
NA20858,GIH,SAS,0,0,1
NA12043,CEU,EUR,0,0,1
NA12044,CEU,EUR,0,0,2
NA12045,CEU,EUR,0,0,1
NA12144,CEU,EUR,0,0,1
NA12154,CEU,EUR,0,0,1
NA12155,CEU,EUR,0,0,1
NA12156,CEU,EUR,0,0,2
NA12234,CEU,EUR,0,0,2
NA12249,CEU,EUR,0,0,2
NA12287,CEU,EUR,0,0,2
NA12414,CEU,EUR,0,0,2
NA12489,CEU,EUR,0,0,2
NA12716,CEU,EUR,0,0,1
NA12717,CEU,EUR,0,0,2
NA12749,CEU,EUR,0,0,2
NA12750,CEU,EUR,0,0,1
NA12751,CEU,EUR,0,0,2
NA12760,CEU,EUR,0,0,1
NA12761,CEU,EUR,0,0,2
NA12762,CEU,EUR,0,0,1
NA12763,CEU,EUR,0,0,2
NA12776,CEU,EUR,0,0,2
NA18565,CHB,EAS,0,0,2
NA18567,CHB,EAS,0,0,2
NA18574,CHB,EAS,0,0,2
NA18591,CHB,EAS,0,0,2
NA18629,CHB,EAS,0,0,1
NA18644,CHB,EAS,0,0,2
NA18646,CHB,EAS,0,0,2
NA18648,CHB,EAS,0,0,1
NA18864,YRI,AFR,0,0,2
NA18865,YRI,AFR,0,0,1
NA18876,YRI,AFR,0,0,2
NA18877,YRI,AFR,0,0,1
NA18878,YRI,AFR,0,0,2
NA18879,YRI,AFR,0,0,1
NA18881,YRI,AFR,0,0,2
NA18915,YRI,AFR,0,0,1
NA18950,JPT,EAS,0,0,2
NA18982,JPT,EAS,0,0,1
NA18983,JPT,EAS,0,0,1
NA18984,JPT,EAS,0,0,1
NA18985,JPT,EAS,0,0,1
NA18986,JPT,EAS,0,0,1
NA20859,GIH,SAS,0,0,2
NA20861,GIH,SAS,0,0,1
NA20862,GIH,SAS,0,0,2
NA20866,GIH,SAS,0,0,1
NA20869,GIH,SAS,0,0,2
NA20870,GIH,SAS,0,0,1
NA20872,GIH,SAS,0,0,2
NA20874,GIH,SAS,0,0,2
NA20875,GIH,SAS,0,0,2
NA20876,GIH,SAS,0,0,2
NA20877,GIH,SAS,0,0,2
NA20878,GIH,SAS,0,0,2
NA20881,GIH,SAS,0,0,2
NA20882,GIH,SAS,0,0,2
NA20884,GIH,SAS,0,0,1
NA20885,GIH,SAS,0,0,1
NA20886,GIH,SAS,0,0,2
NA20887,GIH,SAS,0,0,1
NA20888,GIH,SAS,0,0,2
NA20889,GIH,SAS,0,0,1
NA20890,GIH,SAS,0,0,1
NA20891,GIH,SAS,0,0,1
NA12812,CEU,EUR,0,0,1
NA12813,CEU,EUR,0,0,2
NA12814,CEU,EUR,0,0,1
NA12815,CEU,EUR,0,0,2
NA12828,CEU,EUR,0,0,2
NA12872,CEU,EUR,0,0,1
NA12873,CEU,EUR,0,0,2
NA12874,CEU,EUR,0,0,1
NA12878,CEU,EUR,NA12891,NA12892,2
NA18486,YRI,AFR,0,0,1
NA18489,YRI,AFR,0,0,2
NA18498,YRI,AFR,0,0,1
NA18499,YRI,AFR,0,0,2
NA18501,YRI,AFR,0,0,1
NA18502,YRI,AFR,0,0,2
NA18504,YRI,AFR,0,0,1
NA18505,YRI,AFR,0,0,2
NA18507,YRI,AFR,0,0,1
NA18508,YRI,AFR,0,0,2
NA18510,YRI,AFR,0,0,1
NA18511,YRI,AFR,0,0,2
NA18516,YRI,AFR,0,0,1
NA18988,JPT,EAS,0,0,1
NA18989,JPT,EAS,0,0,1
NA19004,JPT,EAS,0,0,1
NA19006,JPT,EAS,0,0,1
NA19011,JPT,EAS,0,0,2
NA19017,LWK,AFR,0,0,2
NA19019,LWK,AFR,0,0,2
NA19020,LWK,AFR,0,0,1
NA19023,LWK,AFR,0,0,2
NA19024,LWK,AFR,0,0,2
NA19025,LWK,AFR,0,0,1
NA19026,LWK,AFR,0,0,1
NA19027,LWK,AFR,0,0,1
NA19028,LWK,AFR,0,0,1
NA19030,LWK,AFR,0,0,2
NA19031,LWK,AFR,0,0,1
NA19035,LWK,AFR,0,0,1
NA19036,LWK,AFR,0,0,2
NA19037,LWK,AFR,0,0,2
NA19038,LWK,AFR,0,0,2
NA19041,LWK,AFR,0,0,1
NA19042,LWK,AFR,0,0,2
NA20892,GIH,SAS,0,0,2
NA20894,GIH,SAS,0,0,2
NA20895,GIH,SAS,0,0,1
NA20896,GIH,SAS,0,0,2
NA20897,GIH,SAS,0,0,1
NA20899,GIH,SAS,0,0,2
NA20900,GIH,SAS,0,0,2
NA20901,GIH,SAS,0,0,1
NA20902,GIH,SAS,0,0,2
NA20903,GIH,SAS,0,0,1
NA20904,GIH,SAS,0,0,1
NA20906,GIH,SAS,0,0,2
NA20908,GIH,SAS,0,0,2
NA20910,GIH,SAS,0,0,2
NA20911,GIH,SAS,0,0,1
NA21086,GIH,SAS,0,0,2
NA21088,GIH,SAS,0,0,2
NA21089,GIH,SAS,0,0,2
NA21090,GIH,SAS,0,0,1
NA21091,GIH,SAS,0,0,1
NA21092,GIH,SAS,0,0,1
NA21094,GIH,SAS,0,0,1
NA18517,YRI,AFR,0,0,2
NA18519,YRI,AFR,0,0,1
NA18520,YRI,AFR,0,0,2
NA18522,YRI,AFR,0,0,1
NA18523,YRI,AFR,0,0,2
NA18526,CHB,EAS,0,0,2
NA18532,CHB,EAS,0,0,2
NA18537,CHB,EAS,0,0,2
NA18542,CHB,EAS,0,0,2
NA18545,CHB,EAS,0,0,2
NA18547,CHB,EAS,0,0,2
NA18550,CHB,EAS,0,0,2
NA18552,CHB,EAS,0,0,2
NA18555,CHB,EAS,0,0,2
NA18558,CHB,EAS,0,0,1
NA18561,CHB,EAS,0,0,1
NA18562,CHB,EAS,0,0,1
NA18563,CHB,EAS,0,0,1
NA18564,CHB,EAS,0,0,2
NA18566,CHB,EAS,0,0,2
NA18570,CHB,EAS,0,0,2
NA18571,CHB,EAS,0,0,2
NA19043,LWK,AFR,0,0,1
NA19089,JPT,EAS,0,0,1
NA19090,JPT,EAS,0,0,2
NA19091,JPT,EAS,0,0,1
NA19307,LWK,AFR,0,0,1
NA19308,LWK,AFR,0,0,1
NA19309,LWK,AFR,0,0,1
NA19310,LWK,AFR,0,0,2
NA19312,LWK,AFR,0,0,1
NA19314,LWK,AFR,0,0,2
NA19315,LWK,AFR,0,0,2
NA19316,LWK,AFR,0,0,2
NA19317,LWK,AFR,0,0,1
NA19318,LWK,AFR,0,0,1
NA19319,LWK,AFR,0,0,1
NA19320,LWK,AFR,0,0,2
NA19321,LWK,AFR,0,0,2
NA19323,LWK,AFR,0,0,2
NA19324,LWK,AFR,0,0,2
NA19327,LWK,AFR,0,0,2
NA19328,LWK,AFR,0,0,2
NA19331,LWK,AFR,0,0,1
NA21097,GIH,SAS,0,0,2
NA21098,GIH,SAS,0,0,1
NA21099,GIH,SAS,0,0,1
NA21100,GIH,SAS,0,0,1
NA21101,GIH,SAS,0,0,2
NA21102,GIH,SAS,0,0,2
NA21103,GIH,SAS,0,0,2
NA21104,GIH,SAS,0,0,1
NA21105,GIH,SAS,0,0,1
NA21106,GIH,SAS,0,0,2
NA21107,GIH,SAS,0,0,1
NA21108,GIH,SAS,0,0,2
NA21109,GIH,SAS,0,0,1
NA21110,GIH,SAS,0,0,2
NA21111,GIH,SAS,0,0,1
NA21112,GIH,SAS,0,0,1
NA21113,GIH,SAS,0,0,1
NA21115,GIH,SAS,0,0,1
NA21116,GIH,SAS,0,0,1
NA21117,GIH,SAS,0,0,1
NA21118,GIH,SAS,0,0,1
NA21119,GIH,SAS,0,0,1
NA18572,CHB,EAS,0,0,1
NA18573,CHB,EAS,0,0,2
NA18577,CHB,EAS,0,0,2
NA18579,CHB,EAS,0,0,2
NA18582,CHB,EAS,0,0,2
NA18592,CHB,EAS,0,0,2
NA18593,CHB,EAS,0,0,2
NA18603,CHB,EAS,0,0,1
NA18605,CHB,EAS,0,0,1
NA18608,CHB,EAS,0,0,1
NA18609,CHB,EAS,0,0,1
NA18638,CHB,EAS,0,0,1
NA18853,YRI,AFR,0,0,1
NA18856,YRI,AFR,0,0,1
NA18858,YRI,AFR,0,0,2
NA18861,YRI,AFR,0,0,2
NA18870,YRI,AFR,0,0,2
NA18871,YRI,AFR,0,0,1
NA18907,YRI,AFR,0,0,2
NA18909,YRI,AFR,0,0,2
NA18912,YRI,AFR,0,0,2
NA18916,YRI,AFR,0,0,2
NA19332,LWK,AFR,0,0,2
NA19334,LWK,AFR,0,0,1
NA19338,LWK,AFR,0,0,2
NA19346,LWK,AFR,0,0,1
NA19347,LWK,AFR,0,0,1
NA19350,LWK,AFR,0,0,1
NA19351,LWK,AFR,0,0,2
NA19355,LWK,AFR,0,0,2
NA19360,LWK,AFR,0,0,1
NA19372,LWK,AFR,0,0,1
NA19374,LWK,AFR,0,0,1
NA19375,LWK,AFR,0,0,1
NA19376,LWK,AFR,0,0,1
NA19377,LWK,AFR,0,0,2
NA19378,LWK,AFR,0,0,2
NA19379,LWK,AFR,0,0,2
NA19380,LWK,AFR,0,0,1
NA19383,LWK,AFR,0,0,1
NA19384,LWK,AFR,0,0,1
NA19385,LWK,AFR,0,0,1
NA19390,LWK,AFR,0,0,2
NA19391,LWK,AFR,0,0,2
NA21120,GIH,SAS,0,0,2
NA21122,GIH,SAS,0,0,2
NA21123,GIH,SAS,0,0,1
NA21125,GIH,SAS,0,0,2
NA21127,GIH,SAS,0,0,1
NA21128,GIH,SAS,0,0,1
NA21130,GIH,SAS,0,0,1
NA21133,GIH,SAS,0,0,1
NA21135,GIH,SAS,0,0,1
NA21137,GIH,SAS,0,0,2
NA21141,GIH,SAS,0,0,2
NA21142,GIH,SAS,0,0,2
NA21143,GIH,SAS,0,0,2
NA21144,GIH,SAS,0,0,2
NA19734,MXL,AMR,0,0,2
NA19735,MXL,AMR,0,0,1
NA19740,MXL,AMR,0,0,2
NA19741,MXL,AMR,0,0,1
NA19752,MXL,AMR,0,0,2
NA19764,MXL,AMR,0,0,2
NA19792,MXL,AMR,0,0,1
NA19922,ASW,AFR,0,0,1
NA18940,JPT,EAS,0,0,1
NA18942,JPT,EAS,0,0,2
NA18943,JPT,EAS,0,0,1
NA18944,JPT,EAS,0,0,1
NA18945,JPT,EAS,0,0,1
NA18947,JPT,EAS,0,0,2
NA18948,JPT,EAS,0,0,1
NA18949,JPT,EAS,0,0,2
NA18951,JPT,EAS,0,0,2
NA18952,JPT,EAS,0,0,1
NA18953,JPT,EAS,0,0,1
NA18956,JPT,EAS,0,0,2
NA18959,JPT,EAS,0,0,1
NA18960,JPT,EAS,0,0,1
NA18961,JPT,EAS,0,0,1
NA18964,JPT,EAS,0,0,2
NA18965,JPT,EAS,0,0,1
NA18967,JPT,EAS,0,0,1
NA18968,JPT,EAS,0,0,2
NA18969,JPT,EAS,0,0,2
NA18970,JPT,EAS,0,0,1
NA18971,JPT,EAS,0,0,1
NA19393,LWK,AFR,0,0,1
NA19394,LWK,AFR,0,0,1
NA19395,LWK,AFR,0,0,2
NA19397,LWK,AFR,0,0,1
NA19399,LWK,AFR,0,0,2
NA19401,LWK,AFR,0,0,2
NA19403,LWK,AFR,0,0,2
NA19404,LWK,AFR,0,0,2
NA19428,LWK,AFR,0,0,1
NA19429,LWK,AFR,0,0,1
NA19430,LWK,AFR,0,0,1
NA19431,LWK,AFR,0,0,2
NA19434,LWK,AFR,0,0,2
NA19435,LWK,AFR,0,0,2
NA19436,LWK,AFR,0,0,2
NA19437,LWK,AFR,0,0,2
NA19438,LWK,AFR,0,0,2
NA19439,LWK,AFR,0,0,2
NA19440,LWK,AFR,0,0,2
NA19443,LWK,AFR,0,0,1
NA19445,LWK,AFR,0,0,2
NA19446,LWK,AFR,0,0,2
NA19923,ASW,AFR,0,0,2
NA19984,ASW,AFR,0,0,1
NA20298,ASW,AFR,0,0,1
NA20339,ASW,AFR,0,0,2
NA20351,ASW,AFR,0,0,1
NA20412,ASW,AFR,0,0,2
NA20863,GIH,SAS,0,0,1
NA20864,GIH,SAS,0,0,1
NA20867,GIH,SAS,0,0,1
NA20868,GIH,SAS,0,0,2
NA20905,GIH,SAS,0,0,1
NA21087,GIH,SAS,0,0,1
NA21093,GIH,SAS,0,0,1
NA21095,GIH,SAS,0,0,1
NA21114,GIH,SAS,0,0,1
NA21124,GIH,SAS,0,0,1
NA21126,GIH,SAS,0,0,1
NA21129,GIH,SAS,0,0,1
HG00096,GBR,EUR,0,0,1
HG00097,GBR,EUR,0,0,2
HG00099,GBR,EUR,0,0,2
HG00100,GBR,EUR,0,0,2
NA18972,JPT,EAS,0,0,2
NA18973,JPT,EAS,0,0,2
NA18974,JPT,EAS,0,0,1
NA18975,JPT,EAS,0,0,2
NA18976,JPT,EAS,0,0,2
NA18980,JPT,EAS,0,0,2
NA18981,JPT,EAS,0,0,2
NA19005,JPT,EAS,0,0,1
NA19093,YRI,AFR,0,0,2
NA19098,YRI,AFR,0,0,1
NA19099,YRI,AFR,0,0,2
NA19102,YRI,AFR,0,0,2
NA19108,YRI,AFR,0,0,2
NA19114,YRI,AFR,0,0,2
NA19116,YRI,AFR,0,0,2
NA19119,YRI,AFR,0,0,1
NA19129,YRI,AFR,NA19128,NA19127,2
NA19131,YRI,AFR,0,0,2
NA19137,YRI,AFR,0,0,2
NA19138,YRI,AFR,0,0,1
NA19141,YRI,AFR,0,0,1
NA19143,YRI,AFR,0,0,2
NA19448,LWK,AFR,0,0,1
NA19449,LWK,AFR,0,0,2
NA19451,LWK,AFR,0,0,1
NA19452,LWK,AFR,0,0,1
NA19454,LWK,AFR,0,0,1
NA19455,LWK,AFR,0,0,1
NA19456,LWK,AFR,0,0,2
NA19457,LWK,AFR,0,0,2
NA19461,LWK,AFR,0,0,1
NA19462,LWK,AFR,0,0,2
NA19463,LWK,AFR,0,0,2
NA19466,LWK,AFR,0,0,1
NA19467,LWK,AFR,0,0,2
NA19468,LWK,AFR,0,0,2
NA19471,LWK,AFR,0,0,2
NA19472,LWK,AFR,0,0,2
NA19473,LWK,AFR,0,0,2
NA19474,LWK,AFR,0,0,2
NA19475,LWK,AFR,0,0,2
NA20502,TSI,EUR,0,0,2
NA20503,TSI,EUR,0,0,2
NA20504,TSI,EUR,0,0,2
HG00101,GBR,EUR,0,0,1
HG00102,GBR,EUR,0,0,2
HG00103,GBR,EUR,0,0,1
HG00105,GBR,EUR,0,0,1
HG00106,GBR,EUR,0,0,2
HG00107,GBR,EUR,0,0,1
HG00108,GBR,EUR,0,0,1
HG00109,GBR,EUR,0,0,1
HG00110,GBR,EUR,0,0,2
HG00111,GBR,EUR,0,0,2
HG00112,GBR,EUR,0,0,1
HG00113,GBR,EUR,0,0,1
HG00114,GBR,EUR,0,0,1
HG00115,GBR,EUR,0,0,1
HG00116,GBR,EUR,0,0,1
HG00117,GBR,EUR,0,0,1
HG00120,GBR,EUR,0,0,2
HG00127,GBR,EUR,0,0,2
HG00128,GBR,EUR,0,0,2
HG00129,GBR,EUR,0,0,1
HG00130,GBR,EUR,0,0,2
HG00131,GBR,EUR,0,0,1
NA19144,YRI,AFR,0,0,1
NA19147,YRI,AFR,0,0,2
NA19152,YRI,AFR,0,0,2
NA19153,YRI,AFR,0,0,1
NA19159,YRI,AFR,0,0,2
NA19160,YRI,AFR,0,0,1
NA19171,YRI,AFR,0,0,1
NA19172,YRI,AFR,0,0,2
NA19190,YRI,AFR,0,0,2
NA19200,YRI,AFR,0,0,1
NA19201,YRI,AFR,0,0,2
NA19204,YRI,AFR,0,0,2
NA19206,YRI,AFR,0,0,2
NA19207,YRI,AFR,0,0,1
NA19209,YRI,AFR,0,0,2
NA19210,YRI,AFR,0,0,1
NA19225,YRI,AFR,0,0,2
NA19238,YRI,AFR,0,0,2
NA19239,YRI,AFR,0,0,1
NA19257,YRI,AFR,0,0,2
NA07056,CEU,EUR,0,0,2
NA18614,CHB,EAS,0,0,2
NA20505,TSI,EUR,0,0,2
NA20506,TSI,EUR,0,0,2
NA20507,TSI,EUR,0,0,2
NA20508,TSI,EUR,0,0,2
NA20509,TSI,EUR,0,0,1
NA20510,TSI,EUR,0,0,1
NA20511,TSI,EUR,0,0,1
NA20512,TSI,EUR,0,0,1
NA20513,TSI,EUR,0,0,1
NA20514,TSI,EUR,0,0,2
NA20515,TSI,EUR,0,0,1
NA20516,TSI,EUR,0,0,1
NA20517,TSI,EUR,0,0,2
NA20518,TSI,EUR,0,0,1
NA20519,TSI,EUR,0,0,1
NA20520,TSI,EUR,0,0,1
NA20521,TSI,EUR,0,0,1
NA20522,TSI,EUR,0,0,2
NA20524,TSI,EUR,0,0,1
NA20525,TSI,EUR,0,0,1
NA20527,TSI,EUR,0,0,1
NA20528,TSI,EUR,0,0,1
HG00132,GBR,EUR,0,0,2
HG00133,GBR,EUR,0,0,2
HG00136,GBR,EUR,0,0,1
HG00137,GBR,EUR,0,0,2
HG00138,GBR,EUR,0,0,1
HG00139,GBR,EUR,0,0,1
HG00140,GBR,EUR,0,0,1
HG00141,GBR,EUR,0,0,1
HG00142,GBR,EUR,0,0,1
HG00143,GBR,EUR,0,0,1
HG00145,GBR,EUR,0,0,1
HG00146,GBR,EUR,0,0,2
HG00148,GBR,EUR,0,0,1
HG00149,GBR,EUR,0,0,1
HG00150,GBR,EUR,0,0,2
HG00151,GBR,EUR,0,0,1
HG00155,GBR,EUR,0,0,1
HG00157,GBR,EUR,0,0,1
HG00158,GBR,EUR,0,0,2
HG00160,GBR,EUR,0,0,1
HG00171,FIN,EUR,0,0,2
HG00173,FIN,EUR,0,0,2
NA06984,CEU,EUR,0,0,1
NA06989,CEU,EUR,0,0,2
NA11843,CEU,EUR,0,0,1
NA11892,CEU,EUR,0,0,2
NA11893,CEU,EUR,0,0,1
NA11930,CEU,EUR,0,0,1
NA12058,CEU,EUR,0,0,2
NA12272,CEU,EUR,0,0,1
NA12273,CEU,EUR,0,0,2
NA12275,CEU,EUR,0,0,2
NA12282,CEU,EUR,0,0,1
NA12283,CEU,EUR,0,0,2
NA12286,CEU,EUR,0,0,1
NA12340,CEU,EUR,0,0,1
NA12341,CEU,EUR,0,0,2
NA12342,CEU,EUR,0,0,1
NA12347,CEU,EUR,0,0,1
NA12348,CEU,EUR,0,0,2
NA12383,CEU,EUR,0,0,2
NA12399,CEU,EUR,0,0,1
NA12400,CEU,EUR,0,0,2
NA12413,CEU,EUR,0,0,1
NA20529,TSI,EUR,0,0,2
NA20530,TSI,EUR,0,0,2
NA20531,TSI,EUR,0,0,2
NA20532,TSI,EUR,0,0,1
NA20533,TSI,EUR,0,0,2
NA20534,TSI,EUR,0,0,1
NA20535,TSI,EUR,0,0,2
NA20536,TSI,EUR,0,0,1
NA20538,TSI,EUR,0,0,1
NA20539,TSI,EUR,0,0,1
NA20540,TSI,EUR,0,0,2
NA20541,TSI,EUR,0,0,2
NA20542,TSI,EUR,0,0,2
NA20543,TSI,EUR,0,0,1
NA20544,TSI,EUR,0,0,1
NA20581,TSI,EUR,0,0,1
NA20582,TSI,EUR,0,0,2
NA20585,TSI,EUR,0,0,2
NA20586,TSI,EUR,0,0,1
NA20587,TSI,EUR,0,0,2
NA20588,TSI,EUR,0,0,1
NA20589,TSI,EUR,0,0,2
HG00174,FIN,EUR,0,0,2
HG00176,FIN,EUR,0,0,2
HG00177,FIN,EUR,0,0,2
HG00178,FIN,EUR,0,0,2
HG00179,FIN,EUR,0,0,2
HG00180,FIN,EUR,0,0,2
HG00181,FIN,EUR,0,0,1
HG00182,FIN,EUR,0,0,1
HG00183,FIN,EUR,0,0,1
HG00185,FIN,EUR,0,0,1
HG00186,FIN,EUR,0,0,1
HG00187,FIN,EUR,0,0,1
HG00188,FIN,EUR,0,0,1
HG00189,FIN,EUR,0,0,1
HG00190,FIN,EUR,0,0,1
HG00233,GBR,EUR,0,0,2
HG00234,GBR,EUR,0,0,1
HG00235,GBR,EUR,0,0,2
HG00238,GBR,EUR,0,0,2
HG00240,GBR,EUR,0,0,2
HG00255,GBR,EUR,0,0,2
HG00442,CHS,EAS,0,0,1
HG01171,PUR,AMR,0,0,2
HG01173,PUR,AMR,0,0,1
HG01174,PUR,AMR,0,0,2
HG01176,PUR,AMR,0,0,1
HG01177,PUR,AMR,0,0,2
HG01182,PUR,AMR,0,0,1
HG01183,PUR,AMR,0,0,2
HG01187,PUR,AMR,0,0,1
HG01188,PUR,AMR,0,0,2
HG01190,PUR,AMR,0,0,1
HG01191,PUR,AMR,0,0,2
HG01197,PUR,AMR,0,0,1
HG01198,PUR,AMR,0,0,2
HG01204,PUR,AMR,0,0,1
HG01205,PUR,AMR,0,0,2
HG01241,PUR,AMR,0,0,1
HG01242,PUR,AMR,0,0,2
HG01247,PUR,AMR,0,0,1
HG01248,PUR,AMR,0,0,2
HG01250,CLM,AMR,0,0,1
HG01251,CLM,AMR,0,0,2
HG01253,CLM,AMR,0,0,1
HG02215,GBR,EUR,0,0,2
HG01882,ACB,AFR,0,0,1
HG01883,ACB,AFR,0,0,2
HG01885,ACB,AFR,0,0,1
HG01956,ACB,AFR,0,0,2
HG02014,ACB,AFR,0,0,1
HG01886,ACB,AFR,0,0,2
HG01890,ACB,AFR,0,0,1
HG01889,ACB,AFR,0,0,2
HG02009,ACB,AFR,0,0,1
HG02010,ACB,AFR,0,0,2
HG02285,PEL,AMR,0,0,1
HG02286,PEL,AMR,0,0,2
HG02301,PEL,AMR,0,0,2
HG01783,IBS,EUR,0,0,1
HG01784,IBS,EUR,0,0,2
HG02221,IBS,EUR,0,0,1
HG02220,IBS,EUR,0,0,2
HG02236,IBS,EUR,0,0,1
HG02235,IBS,EUR,0,0,2
HG02113,KHV,EAS,0,0,2
HG02141,KHV,EAS,0,0,1
HG03212,MSL,AFR,0,0,2
HG03055,MSL,AFR,0,0,2
HG03376,MSL,AFR,0,0,1
HG03380,MSL,AFR,0,0,2
HG03385,MSL,AFR,0,0,1
HG03388,MSL,AFR,0,0,1
HG03401,MSL,AFR,0,0,2
HG03419,MSL,AFR,0,0,2
HG03061,MSL,AFR,0,0,2
HG03428,MSL,AFR,0,0,2
HG03433,MSL,AFR,0,0,1
HG03439,MSL,AFR,0,0,1
HG03442,MSL,AFR,0,0,1
HG03445,MSL,AFR,0,0,1
HG03446,MSL,AFR,0,0,2
HG03460,MSL,AFR,0,0,1
HG03461,MSL,AFR,0,0,2
HG03478,MSL,AFR,0,0,1
HG03479,MSL,AFR,0,0,2
HG03066,MSL,AFR,0,0,1
HG03069,MSL,AFR,0,0,1
HG03072,MSL,AFR,0,0,1
HG03753,STU,SAS,0,0,1
HG03760,STU,SAS,0,0,2
HG03836,STU,SAS,0,0,2
HG03837,STU,SAS,0,0,1
HG03846,STU,SAS,0,0,1
HG03848,STU,SAS,0,0,1
HG03851,STU,SAS,0,0,1
HG03856,STU,SAS,0,0,1
HG03895,STU,SAS,0,0,2
HG03890,STU,SAS,0,0,1
HG04033,STU,SAS,0,0,1
HG03947,STU,SAS,0,0,2
HG03953,STU,SAS,0,0,1
HG03949,STU,SAS,0,0,2
HG04035,STU,SAS,0,0,2
HG04029,STU,SAS,0,0,2
HG04042,STU,SAS,0,0,2
HG04099,STU,SAS,0,0,2
HG03977,ITU,SAS,0,0,2
HG03780,ITU,SAS,0,0,2
HG03718,ITU,SAS,0,0,1
HG04018,ITU,SAS,0,0,2
HG01254,CLM,AMR,0,0,2
HG01256,CLM,AMR,0,0,1
HG01257,CLM,AMR,0,0,2
HG01259,CLM,AMR,0,0,1
HG01260,CLM,AMR,0,0,2
HG01271,CLM,AMR,0,0,1
HG01272,CLM,AMR,0,0,2
HG01275,CLM,AMR,0,0,2
HG01277,CLM,AMR,0,0,1
HG01334,GBR,EUR,0,0,1
HG01344,CLM,AMR,0,0,1
HG01345,CLM,AMR,0,0,2
HG01348,CLM,AMR,0,0,2
HG01356,CLM,AMR,0,0,1
HG01357,CLM,AMR,0,0,2
HG02122,KHV,EAS,0,0,1
HG02121,KHV,EAS,0,0,2
HG02128,KHV,EAS,0,0,1
HG02127,KHV,EAS,0,0,2
HG02373,CDX,EAS,0,0,1
HG02394,CDX,EAS,0,0,1
HG02396,CDX,EAS,0,0,1
HG02397,CDX,EAS,0,0,1
HG01914,ACB,AFR,0,0,1
HG01915,ACB,AFR,0,0,2
HG01986,ACB,AFR,0,0,1
HG01958,ACB,AFR,0,0,2
HG01990,ACB,AFR,0,0,1
HG02012,ACB,AFR,0,0,2
HG02053,ACB,AFR,0,0,1
HG02054,ACB,AFR,0,0,2
HG02255,ACB,AFR,0,0,1
HG02256,ACB,AFR,0,0,2
HG02314,ACB,AFR,0,0,1
HG02315,ACB,AFR,0,0,2
HG02281,ACB,AFR,0,0,1
HG02282,ACB,AFR,0,0,2
HG03410,MSL,AFR,0,0,2
HG03436,MSL,AFR,0,0,1
HG03437,MSL,AFR,0,0,2
HG03449,MSL,AFR,0,0,2
HG03458,MSL,AFR,0,0,2
HG03476,MSL,AFR,0,0,2
HG03484,MSL,AFR,0,0,1
HG03485,MSL,AFR,0,0,2
HG03547,MSL,AFR,0,0,1
HG03548,MSL,AFR,0,0,2
HG03556,MSL,AFR,0,0,1
HG03557,MSL,AFR,0,0,2
HG03391,MSL,AFR,0,0,1
HG03455,MSL,AFR,0,0,2
HG03559,MSL,AFR,0,0,1
HG03563,MSL,AFR,0,0,2
HG03565,MSL,AFR,0,0,1
HG03571,MSL,AFR,0,0,1
HG03572,MSL,AFR,0,0,2
HG03575,MSL,AFR,0,0,2
HG03577,MSL,AFR,0,0,1
HG03578,MSL,AFR,0,0,2
HG03742,ITU,SAS,0,0,1
HG03779,ITU,SAS,0,0,1
HG03777,ITU,SAS,0,0,1
HG03785,ITU,SAS,0,0,1
HG03790,ITU,SAS,0,0,1
HG03792,ITU,SAS,0,0,1
HG03782,ITU,SAS,0,0,2
HG03873,ITU,SAS,0,0,2
HG03861,ITU,SAS,0,0,2
HG03863,ITU,SAS,0,0,2
HG03872,ITU,SAS,0,0,1
HG03870,ITU,SAS,0,0,1
HG03867,ITU,SAS,0,0,1
HG03963,ITU,SAS,0,0,1
HG03960,ITU,SAS,0,0,1
HG03968,ITU,SAS,0,0,2
HG03720,ITU,SAS,0,0,1
HG04019,ITU,SAS,0,0,1
HG04025,ITU,SAS,0,0,2
HG04020,ITU,SAS,0,0,1
HG04014,ITU,SAS,0,0,2
HG04015,ITU,SAS,0,0,1
HG01377,CLM,AMR,0,0,1
HG01378,CLM,AMR,0,0,2
HG01383,CLM,AMR,0,0,1
HG01384,CLM,AMR,0,0,2
HG01341,CLM,AMR,0,0,1
HG01342,CLM,AMR,0,0,2
HG01350,CLM,AMR,0,0,1
HG01351,CLM,AMR,0,0,2
HG01353,CLM,AMR,0,0,1
HG01354,CLM,AMR,0,0,2
HG01359,CLM,AMR,0,0,1
HG01360,CLM,AMR,0,0,2
HG01365,CLM,AMR,0,0,1
HG01366,CLM,AMR,0,0,2
HG01374,CLM,AMR,0,0,1
HG01375,CLM,AMR,0,0,2
HG01389,CLM,AMR,0,0,1
HG01390,CLM,AMR,0,0,2
HG01437,CLM,AMR,0,0,1
HG01438,CLM,AMR,0,0,2
HG01440,CLM,AMR,0,0,1
HG01441,CLM,AMR,0,0,2
HG02317,ACB,AFR,0,0,1
HG02318,ACB,AFR,0,0,2
HG01912,ACB,AFR,0,0,1
HG01894,ACB,AFR,0,0,2
HG01982,PEL,AMR,0,0,1
HG02146,PEL,AMR,0,0,1
HG02147,PEL,AMR,0,0,2
HG02259,PEL,AMR,0,0,1
HG02260,PEL,AMR,0,0,2
HG02271,PEL,AMR,0,0,1
HG02272,PEL,AMR,0,0,2
HG02277,PEL,AMR,0,0,1
HG02278,PEL,AMR,0,0,2
HG02291,PEL,AMR,0,0,1
HG02292,PEL,AMR,0,0,2
HG02299,PEL,AMR,0,0,1
HG02298,PEL,AMR,0,0,2
HG01699,IBS,EUR,0,0,1
HG01697,IBS,EUR,0,0,2
HG02224,IBS,EUR,0,0,1
HG02223,IBS,EUR,0,0,2
HG02231,IBS,EUR,0,0,1
HG03583,MSL,AFR,0,0,2
HG03515,ESN,AFR,0,0,1
HG03514,ESN,AFR,0,0,2
HG03268,ESN,AFR,0,0,1
HG03267,ESN,AFR,0,0,2
HG03271,ESN,AFR,0,0,1
HG03270,ESN,AFR,0,0,2
HG03280,ESN,AFR,0,0,1
HG03279,ESN,AFR,0,0,2
HG03291,ESN,AFR,0,0,2
HG03295,ESN,AFR,0,0,1
HG03294,ESN,AFR,0,0,2
HG03301,ESN,AFR,0,0,1
HG03300,ESN,AFR,0,0,2
HG03367,ESN,AFR,0,0,1
HG03366,ESN,AFR,0,0,2
HG02947,ESN,AFR,0,0,1
HG02946,ESN,AFR,0,0,2
HG02971,ESN,AFR,0,0,1
HG02970,ESN,AFR,0,0,2
HG02953,ESN,AFR,0,0,1
HG02952,ESN,AFR,0,0,2
HG04022,ITU,SAS,0,0,1
HG04063,ITU,SAS,0,0,2
HG04093,ITU,SAS,0,0,1
HG04118,ITU,SAS,0,0,2
HG02568,GWD,AFR,0,0,2
HG02759,GWD,AFR,0,0,1
HG02760,GWD,AFR,0,0,2
HG02763,GWD,AFR,0,0,2
HG02870,GWD,AFR,0,0,2
HG02878,GWD,AFR,0,0,1
HG02879,GWD,AFR,0,0,2
HG02881,GWD,AFR,0,0,1
HG02882,GWD,AFR,0,0,2
HG02982,GWD,AFR,0,0,1
HG02983,GWD,AFR,0,0,2
HG03054,MSL,AFR,0,0,1
HG03060,MSL,AFR,0,0,1
HG03063,MSL,AFR,0,0,1
HG03064,MSL,AFR,0,0,2
HG03073,MSL,AFR,0,0,2
HG03074,MSL,AFR,0,0,1
HG03077,MSL,AFR,0,0,1
HG01455,CLM,AMR,0,0,1
HG01456,CLM,AMR,0,0,2
HG01461,CLM,AMR,0,0,1
HG01462,CLM,AMR,0,0,2
HG01464,CLM,AMR,0,0,1
HG01465,CLM,AMR,0,0,2
HG01488,CLM,AMR,0,0,1
HG01489,CLM,AMR,0,0,2
HG01491,CLM,AMR,0,0,1
HG01492,CLM,AMR,0,0,2
HG01494,CLM,AMR,0,0,1
HG01495,CLM,AMR,0,0,2
HG01497,CLM,AMR,0,0,1
HG01498,CLM,AMR,0,0,2
HG01500,IBS,EUR,0,0,1
HG01501,IBS,EUR,0,0,2
HG01503,IBS,EUR,0,0,1
HG01504,IBS,EUR,0,0,2
HG01506,IBS,EUR,0,0,1
HG01507,IBS,EUR,0,0,2
HG01509,IBS,EUR,0,0,1
HG01510,IBS,EUR,0,0,2
HG02230,IBS,EUR,0,0,2
HG02238,IBS,EUR,0,0,1
HG02239,IBS,EUR,0,0,2
HG02032,KHV,EAS,0,0,1
HG02031,KHV,EAS,0,0,2
HG02050,KHV,EAS,0,0,1
HG02250,CDX,EAS,0,0,1
HG02351,CDX,EAS,0,0,1
HG02353,CDX,EAS,0,0,1
HG02355,CDX,EAS,0,0,1
HG02356,CDX,EAS,0,0,1
HG02360,CDX,EAS,0,0,1
HG02364,CDX,EAS,0,0,1
HG02367,CDX,EAS,0,0,1
HG02371,CDX,EAS,0,0,1
HG02374,CDX,EAS,0,0,1
HG02375,CDX,EAS,0,0,1
HG02379,CDX,EAS,0,0,1
HG02380,CDX,EAS,0,0,1
HG02382,CDX,EAS,0,0,1
HG02383,CDX,EAS,0,0,1
HG02384,CDX,EAS,0,0,1
HG02977,ESN,AFR,0,0,1
HG02976,ESN,AFR,0,0,2
HG03118,ESN,AFR,0,0,1
HG03117,ESN,AFR,0,0,2
HG03130,ESN,AFR,0,0,1
HG03129,ESN,AFR,0,0,2
HG03160,ESN,AFR,0,0,1
HG03159,ESN,AFR,0,0,2
HG03163,ESN,AFR,0,0,1
HG03162,ESN,AFR,0,0,2
HG03169,ESN,AFR,0,0,1
HG03168,ESN,AFR,0,0,2
HG03172,ESN,AFR,0,0,1
HG03196,ESN,AFR,0,0,1
HG03195,ESN,AFR,0,0,2
HG03199,ESN,AFR,0,0,1
HG03198,ESN,AFR,0,0,2
HG03343,ESN,AFR,0,0,1
HG03342,ESN,AFR,0,0,2
HG03370,ESN,AFR,0,0,1
HG03369,ESN,AFR,0,0,2
HG03234,PJL,SAS,0,0,1
HG03079,MSL,AFR,0,0,2
HG03082,MSL,AFR,0,0,2
HG03086,MSL,AFR,0,0,2
HG03091,MSL,AFR,0,0,2
HG03095,MSL,AFR,0,0,2
HG03224,MSL,AFR,0,0,1
HG03225,MSL,AFR,0,0,1
HG03378,MSL,AFR,0,0,2
HG03382,MSL,AFR,0,0,1
HG03394,MSL,AFR,0,0,1
HG03432,MSL,AFR,0,0,1
HG03457,MSL,AFR,0,0,1
HG03558,MSL,AFR,0,0,2
HG03567,MSL,AFR,0,0,2
HG02938,ESN,AFR,0,0,1
HG02941,ESN,AFR,0,0,1
HG02968,ESN,AFR,0,0,1
HG02979,ESN,AFR,0,0,2
HG02981,ESN,AFR,0,0,1
HG03103,ESN,AFR,0,0,1
HG03105,ESN,AFR,0,0,2
HG03111,ESN,AFR,0,0,2
HG01512,IBS,EUR,0,0,1
HG01513,IBS,EUR,0,0,2
HG01515,IBS,EUR,0,0,1
HG01516,IBS,EUR,0,0,2
HG01518,IBS,EUR,0,0,1
HG01519,IBS,EUR,0,0,2
HG01521,IBS,EUR,0,0,1
HG01522,IBS,EUR,0,0,2
HG01524,IBS,EUR,0,0,1
HG01525,IBS,EUR,0,0,2
HG01527,IBS,EUR,0,0,1
HG01528,IBS,EUR,0,0,2
HG01530,IBS,EUR,0,0,1
HG01531,IBS,EUR,0,0,2
HG01536,IBS,EUR,0,0,1
HG01537,IBS,EUR,0,0,2
HG01550,CLM,AMR,0,0,1
HG01551,CLM,AMR,0,0,2
HG01602,IBS,EUR,0,0,2
HG01603,IBS,EUR,0,0,1
HG01605,IBS,EUR,0,0,2
HG01606,IBS,EUR,0,0,1
HG02385,CDX,EAS,0,0,1
HG02386,CDX,EAS,0,0,1
HG02389,CDX,EAS,0,0,1
HG02390,CDX,EAS,0,0,1
HG02391,CDX,EAS,0,0,1
HG02392,CDX,EAS,0,0,1
HG02395,CDX,EAS,0,0,1
HG02398,CDX,EAS,0,0,1
HG02399,CDX,EAS,0,0,1
HG02401,CDX,EAS,0,0,1
HG02402,CDX,EAS,0,0,1
HG02406,CDX,EAS,0,0,1
HG02407,CDX,EAS,0,0,1
HG02409,CDX,EAS,0,0,1
HG02233,IBS,EUR,0,0,1
HG02232,IBS,EUR,0,0,2
HG01879,ACB,AFR,0,0,1
HG01880,ACB,AFR,0,0,2
HG02013,ACB,AFR,0,0,1
HG01896,ACB,AFR,0,0,2
HG01985,ACB,AFR,0,0,2
HG01988,ACB,AFR,0,0,1
HG03235,PJL,SAS,0,0,2
HG03488,PJL,SAS,0,0,2
HG03490,PJL,SAS,0,0,1
HG03491,PJL,SAS,0,0,2
HG03619,PJL,SAS,0,0,2
HG03634,PJL,SAS,0,0,2
HG03667,PJL,SAS,0,0,1
HG03668,PJL,SAS,0,0,2
HG03015,PJL,SAS,0,0,1
HG03016,PJL,SAS,0,0,2
HG03702,PJL,SAS,0,0,1
HG03703,PJL,SAS,0,0,2
HG03708,PJL,SAS,0,0,1
HG03709,PJL,SAS,0,0,2
HG03006,BEB,SAS,0,0,1
HG03007,BEB,SAS,0,0,2
HG03615,BEB,SAS,0,0,1
HG03616,BEB,SAS,0,0,2
HG03793,BEB,SAS,0,0,2
HG03796,BEB,SAS,0,0,2
HG03800,BEB,SAS,0,0,1
HG03803,BEB,SAS,0,0,1
HG03112,ESN,AFR,0,0,1
HG03126,ESN,AFR,0,0,2
HG03127,ESN,AFR,0,0,1
HG03139,ESN,AFR,0,0,1
HG03157,ESN,AFR,0,0,1
HG03166,ESN,AFR,0,0,1
HG03175,ESN,AFR,0,0,1
HG03189,ESN,AFR,0,0,2
HG03190,ESN,AFR,0,0,1
HG03193,ESN,AFR,0,0,1
HG03202,ESN,AFR,0,0,1
HG03265,ESN,AFR,0,0,1
HG03297,ESN,AFR,0,0,2
HG03298,ESN,AFR,0,0,1
HG03303,ESN,AFR,0,0,2
HG03304,ESN,AFR,0,0,1
HG03311,ESN,AFR,0,0,1
HG03313,ESN,AFR,0,0,1
HG03351,ESN,AFR,0,0,2
HG03352,ESN,AFR,0,0,1
HG03354,ESN,AFR,0,0,2
HG03363,ESN,AFR,0,0,2
HG01607,IBS,EUR,0,0,2
HG01608,IBS,EUR,0,0,1
HG01610,IBS,EUR,0,0,1
HG01612,IBS,EUR,0,0,2
HG01613,IBS,EUR,0,0,2
HG01615,IBS,EUR,0,0,1
HG01617,IBS,EUR,0,0,1
HG01618,IBS,EUR,0,0,2
HG01619,IBS,EUR,0,0,1
HG01620,IBS,EUR,0,0,2
HG01623,IBS,EUR,0,0,2
HG01624,IBS,EUR,0,0,1
HG01625,IBS,EUR,0,0,1
HG01626,IBS,EUR,0,0,2
HG01628,IBS,EUR,0,0,2
HG01630,IBS,EUR,0,0,1
HG01631,IBS,EUR,0,0,1
HG01632,IBS,EUR,0,0,2
HG01668,IBS,EUR,0,0,2
HG01669,IBS,EUR,0,0,1
HG01670,IBS,EUR,0,0,2
HG01672,IBS,EUR,0,0,1
HG01989,ACB,AFR,0,0,2
HG02051,ACB,AFR,0,0,1
HG02052,ACB,AFR,0,0,2
HG02095,ACB,AFR,0,0,2
HG02332,ACB,AFR,0,0,1
HG02107,ACB,AFR,0,0,1
HG02108,ACB,AFR,0,0,2
HG02111,ACB,AFR,0,0,2
HG02143,ACB,AFR,0,0,1
HG02144,ACB,AFR,0,0,2
HG02307,ACB,AFR,0,0,1
HG02308,ACB,AFR,0,0,2
HG02283,ACB,AFR,0,0,1
HG02309,ACB,AFR,0,0,2
HG02284,ACB,AFR,0,0,1
HG02322,ACB,AFR,0,0,2
HG02323,ACB,AFR,0,0,1
HG02325,ACB,AFR,0,0,2
HG02337,ACB,AFR,0,0,2
HG02334,ACB,AFR,0,0,1
HG02330,ACB,AFR,0,0,1
HG02339,ACB,AFR,0,0,2
HG03802,BEB,SAS,0,0,2
HG03815,BEB,SAS,0,0,1
HG03814,BEB,SAS,0,0,2
HG03824,BEB,SAS,0,0,1
HG03823,BEB,SAS,0,0,2
HG03826,BEB,SAS,0,0,2
HG03830,BEB,SAS,0,0,1
HG03829,BEB,SAS,0,0,2
HG03833,BEB,SAS,0,0,1
HG03832,BEB,SAS,0,0,2
HG03914,BEB,SAS,0,0,1
HG03913,BEB,SAS,0,0,2
HG03941,BEB,SAS,0,0,1
HG03940,BEB,SAS,0,0,2
HG04155,BEB,SAS,0,0,1
HG04156,BEB,SAS,0,0,2
HG03644,STU,SAS,0,0,1
HG03643,STU,SAS,0,0,2
HG03679,STU,SAS,0,0,1
HG03642,STU,SAS,0,0,2
HG03673,STU,SAS,0,0,2
HG03684,STU,SAS,0,0,2
HG03372,ESN,AFR,0,0,2
HG03499,ESN,AFR,0,0,2
HG03511,ESN,AFR,0,0,2
HG03517,ESN,AFR,0,0,2
HG03518,ESN,AFR,0,0,1
HG03520,ESN,AFR,0,0,2
HG03521,ESN,AFR,0,0,1
HG02493,PJL,SAS,0,0,1
HG02494,PJL,SAS,0,0,2
HG02648,PJL,SAS,0,0,1
HG02649,PJL,SAS,0,0,2
HG02651,PJL,SAS,0,0,1
HG02652,PJL,SAS,0,0,2
HG02681,PJL,SAS,0,0,1
HG02682,PJL,SAS,0,0,2
HG02690,PJL,SAS,0,0,1
HG02691,PJL,SAS,0,0,2
HG02699,PJL,SAS,0,0,1
HG02700,PJL,SAS,0,0,2
HG02736,PJL,SAS,0,0,1
HG02737,PJL,SAS,0,0,2
HG02774,PJL,SAS,0,0,1
HG01673,IBS,EUR,0,0,2
HG01675,IBS,EUR,0,0,1
HG01676,IBS,EUR,0,0,2
HG01678,IBS,EUR,0,0,1
HG01679,IBS,EUR,0,0,2
HG01680,IBS,EUR,0,0,1
HG01682,IBS,EUR,0,0,1
HG01684,IBS,EUR,0,0,2
HG01685,IBS,EUR,0,0,2
HG01686,IBS,EUR,0,0,1
HG01700,IBS,EUR,0,0,1
HG01702,IBS,EUR,0,0,2
HG01704,IBS,EUR,0,0,2
HG01705,IBS,EUR,0,0,1
HG01707,IBS,EUR,0,0,2
HG01708,IBS,EUR,0,0,1
HG01565,PEL,AMR,0,0,1
HG01566,PEL,AMR,0,0,2
HG01571,PEL,AMR,0,0,1
HG01572,PEL,AMR,0,0,2
HG01577,PEL,AMR,0,0,1
HG01578,PEL,AMR,0,0,2
HG02343,ACB,AFR,0,0,1
HG02419,ACB,AFR,0,0,2
HG02420,ACB,AFR,0,0,1
HG02427,ACB,AFR,0,0,2
HG02429,ACB,AFR,0,0,1
HG02433,ACB,AFR,0,0,1
HG02442,ACB,AFR,0,0,1
HG02445,ACB,AFR,0,0,1
HG02489,ACB,AFR,0,0,1
HG02449,ACB,AFR,0,0,1
HG02450,ACB,AFR,0,0,2
HG02470,ACB,AFR,0,0,1
HG02471,ACB,AFR,0,0,2
HG02479,ACB,AFR,0,0,2
HG02484,ACB,AFR,0,0,1
HG02485,ACB,AFR,0,0,2
HG02511,ACB,AFR,0,0,2
HG02496,ACB,AFR,0,0,1
HG02497,ACB,AFR,0,0,2
HG02508,ACB,AFR,0,0,2
HG02537,ACB,AFR,0,0,2
HG02035,KHV,EAS,0,0,1
HG03885,STU,SAS,0,0,1
HG03886,STU,SAS,0,0,2
HG03692,STU,SAS,0,0,2
HG03693,STU,SAS,0,0,1
HG03740,STU,SAS,0,0,1
HG03741,STU,SAS,0,0,2
HG03884,STU,SAS,0,0,2
HG03743,STU,SAS,0,0,1
HG03757,STU,SAS,0,0,2
HG03746,STU,SAS,0,0,1
HG03888,STU,SAS,0,0,2
HG03750,STU,SAS,0,0,1
HG03754,STU,SAS,0,0,2
HG03756,STU,SAS,0,0,2
HG03844,STU,SAS,0,0,1
HG04006,STU,SAS,0,0,1
HG03838,STU,SAS,0,0,2
HG03849,STU,SAS,0,0,2
HG03950,STU,SAS,0,0,1
HG03858,STU,SAS,0,0,2
HG03887,STU,SAS,0,0,1
HG03986,STU,SAS,0,0,2
HG02775,PJL,SAS,0,0,2
HG02792,PJL,SAS,0,0,1
HG02793,PJL,SAS,0,0,2
HG03228,PJL,SAS,0,0,1
HG03229,PJL,SAS,0,0,2
HG03624,PJL,SAS,0,0,1
HG03625,PJL,SAS,0,0,2
HG03640,PJL,SAS,0,0,2
HG03649,PJL,SAS,0,0,1
HG03652,PJL,SAS,0,0,1
HG03653,PJL,SAS,0,0,2
HG03705,PJL,SAS,0,0,1
HG03706,PJL,SAS,0,0,2
HG03762,PJL,SAS,0,0,2
HG01593,PJL,SAS,0,0,2
HG02597,PJL,SAS,0,0,1
HG02778,PJL,SAS,0,0,2
HG03021,PJL,SAS,0,0,1
HG03636,PJL,SAS,0,0,1
HG03765,PJL,SAS,0,0,2
HG03767,PJL,SAS,0,0,1
HG01583,PJL,SAS,0,0,1
HG00378,FIN,EUR,0,0,2
HG00379,FIN,EUR,0,0,2
HG00380,FIN,EUR,0,0,2
HG00381,FIN,EUR,0,0,2
HG00382,FIN,EUR,0,0,1
HG00384,FIN,EUR,0,0,2
HG00403,CHS,EAS,0,0,1
HG00404,CHS,EAS,0,0,2
HG01917,PEL,AMR,0,0,1
HG01918,PEL,AMR,0,0,2
HG01892,PEL,AMR,0,0,1
HG01893,PEL,AMR,0,0,2
HG01920,PEL,AMR,0,0,1
HG01921,PEL,AMR,0,0,2
HG01923,PEL,AMR,0,0,1
HG01924,PEL,AMR,0,0,2
HG01926,PEL,AMR,0,0,1
HG01927,PEL,AMR,0,0,2
HG01932,PEL,AMR,0,0,1
HG01933,PEL,AMR,0,0,2
HG01935,PEL,AMR,0,0,1
HG01936,PEL,AMR,0,0,2
HG01938,PEL,AMR,0,0,1
HG01939,PEL,AMR,0,0,2
HG01941,PEL,AMR,0,0,1
HG01942,PEL,AMR,0,0,2
HG01944,PEL,AMR,0,0,1
HG01945,PEL,AMR,0,0,2
HG01947,PEL,AMR,0,0,1
HG01948,PEL,AMR,0,0,2
HG02040,KHV,EAS,0,0,1
HG02047,KHV,EAS,0,0,1
HG02061,KHV,EAS,0,0,1
HG02060,KHV,EAS,0,0,2
HG02064,KHV,EAS,0,0,1
HG02067,KHV,EAS,0,0,1
HG02116,KHV,EAS,0,0,1
HG02131,KHV,EAS,0,0,1
HG02130,KHV,EAS,0,0,2
HG02137,KHV,EAS,0,0,1
HG02136,KHV,EAS,0,0,2
HG02512,KHV,EAS,0,0,1
HG02513,KHV,EAS,0,0,2
HG02521,KHV,EAS,0,0,1
HG02522,KHV,EAS,0,0,2
HG02461,GWD,AFR,0,0,1
HG02462,GWD,AFR,0,0,2
HG02464,GWD,AFR,0,0,1
HG02465,GWD,AFR,0,0,2
HG02561,GWD,AFR,0,0,1
HG02562,GWD,AFR,0,0,2
HG02570,GWD,AFR,0,0,1
HG03896,STU,SAS,0,0,1
HG03898,STU,SAS,0,0,2
HG03900,STU,SAS,0,0,1
HG03943,STU,SAS,0,0,1
HG03713,ITU,SAS,0,0,1
HG03716,ITU,SAS,0,0,1
HG03714,ITU,SAS,0,0,2
HG03717,ITU,SAS,0,0,2
HG03722,ITU,SAS,0,0,2
HG03730,ITU,SAS,0,0,2
HG03727,ITU,SAS,0,0,1
HG03729,ITU,SAS,0,0,1
HG03731,ITU,SAS,0,0,2
HG03771,ITU,SAS,0,0,1
HG03770,ITU,SAS,0,0,2
HG03882,ITU,SAS,0,0,2
HG03781,ITU,SAS,0,0,2
HG03775,ITU,SAS,0,0,1
HG03773,ITU,SAS,0,0,1
HG03772,ITU,SAS,0,0,2
HG03786,ITU,SAS,0,0,1
HG03784,ITU,SAS,0,0,2
HG01586,PJL,SAS,0,0,1
HG01589,PJL,SAS,0,0,1
HG02694,PJL,SAS,0,0,2
HG02731,PJL,SAS,0,0,2
HG02780,PJL,SAS,0,0,1
HG03018,PJL,SAS,0,0,1
HG03019,PJL,SAS,0,0,2
HG03022,PJL,SAS,0,0,2
HG03629,PJL,SAS,0,0,1
HG03631,PJL,SAS,0,0,2
HG03660,PJL,SAS,0,0,1
HG03663,PJL,SAS,0,0,1
HG04158,BEB,SAS,0,0,1
HG04185,BEB,SAS,0,0,1
HG04131,BEB,SAS,0,0,1
HG04134,BEB,SAS,0,0,1
HG04140,BEB,SAS,0,0,1
HG04141,BEB,SAS,0,0,2
HG04173,BEB,SAS,0,0,1
HG04182,BEB,SAS,0,0,1
HG04183,BEB,SAS,0,0,2
HG03821,BEB,SAS,0,0,1
HG00406,CHS,EAS,0,0,1
HG00407,CHS,EAS,0,0,2
HG00419,CHS,EAS,0,0,2
HG00421,CHS,EAS,0,0,1
HG00422,CHS,EAS,0,0,2
HG00428,CHS,EAS,0,0,2
HG00436,CHS,EAS,0,0,1
HG00437,CHS,EAS,0,0,2
HG00457,CHS,EAS,0,0,1
HG00458,CHS,EAS,0,0,2
HG00472,CHS,EAS,0,0,1
HG00473,CHS,EAS,0,0,2
HG00475,CHS,EAS,0,0,1
HG00476,CHS,EAS,0,0,2
HG00478,CHS,EAS,0,0,1
HG00479,CHS,EAS,0,0,2
HG00500,CHS,EAS,0,0,1
HG00513,CHS,EAS,0,0,2
HG00524,CHS,EAS,0,0,1
HG00525,CHS,EAS,0,0,2
HG00530,CHS,EAS,0,0,1
HG00531,CHS,EAS,0,0,2
HG01950,PEL,AMR,0,0,1
HG01951,PEL,AMR,0,0,2
HG01953,PEL,AMR,0,0,1
HG01954,PEL,AMR,0,0,2
HG01967,PEL,AMR,0,0,1
HG01968,PEL,AMR,0,0,2
HG01970,PEL,AMR,0,0,1
HG01971,PEL,AMR,0,0,2
HG01974,PEL,AMR,0,0,1
HG01973,PEL,AMR,0,0,2
HG01977,PEL,AMR,0,0,1
HG01976,PEL,AMR,0,0,2
HG01979,PEL,AMR,0,0,1
HG01980,PEL,AMR,0,0,2
HG01991,PEL,AMR,0,0,1
HG01992,PEL,AMR,0,0,2
HG02008,PEL,AMR,0,0,1
HG01997,PEL,AMR,0,0,2
HG02002,PEL,AMR,0,0,1
HG02003,PEL,AMR,0,0,2
HG02090,PEL,AMR,0,0,1
HG02089,PEL,AMR,0,0,2
HG02571,GWD,AFR,0,0,2
HG02573,GWD,AFR,0,0,1
HG02574,GWD,AFR,0,0,2
HG02582,GWD,AFR,0,0,1
HG02583,GWD,AFR,0,0,2
HG02585,GWD,AFR,0,0,1
HG02586,GWD,AFR,0,0,2
HG02588,GWD,AFR,0,0,1
HG02589,GWD,AFR,0,0,2
HG02594,GWD,AFR,0,0,1
HG02595,GWD,AFR,0,0,2
HG02613,GWD,AFR,0,0,1
HG02614,GWD,AFR,0,0,2
HG02620,GWD,AFR,0,0,1
HG02621,GWD,AFR,0,0,2
HG02623,GWD,AFR,0,0,1
HG02624,GWD,AFR,0,0,2
HG02628,GWD,AFR,0,0,1
HG02629,GWD,AFR,0,0,2
HG02642,GWD,AFR,0,0,1
HG02643,GWD,AFR,0,0,2
HG02645,GWD,AFR,0,0,1
HG03787,ITU,SAS,0,0,2
HG03788,ITU,SAS,0,0,1
HG03789,ITU,SAS,0,0,2
HG03864,ITU,SAS,0,0,1
HG03869,ITU,SAS,0,0,1
HG03862,ITU,SAS,0,0,2
HG03874,ITU,SAS,0,0,2
HG03978,ITU,SAS,0,0,1
HG03971,ITU,SAS,0,0,1
HG03974,ITU,SAS,0,0,1
HG03976,ITU,SAS,0,0,1
HG03973,ITU,SAS,0,0,2
HG04002,ITU,SAS,0,0,1
HG04017,ITU,SAS,0,0,1
HG04026,ITU,SAS,0,0,2
HG02439,ACB,AFR,0,0,1
HG02455,ACB,AFR,0,0,1
HG02476,ACB,AFR,0,0,2
HG02477,ACB,AFR,0,0,2
HG02481,ACB,AFR,0,0,1
HG02501,ACB,AFR,0,0,1
HG02502,ACB,AFR,0,0,2
HG03922,BEB,SAS,0,0,2
HG04180,BEB,SAS,0,0,2
HG03600,BEB,SAS,0,0,1
HG03603,BEB,SAS,0,0,1
HG03604,BEB,SAS,0,0,2
HG03611,BEB,SAS,0,0,2
HG03917,BEB,SAS,0,0,1
HG03920,BEB,SAS,0,0,1
HG04144,BEB,SAS,0,0,2
HG04152,BEB,SAS,0,0,1
HG04153,BEB,SAS,0,0,2
HG04161,BEB,SAS,0,0,1
HG04162,BEB,SAS,0,0,2
HG04164,BEB,SAS,0,0,1
HG04171,BEB,SAS,0,0,2
HG04176,BEB,SAS,0,0,1
HG04177,BEB,SAS,0,0,2
HG04188,BEB,SAS,0,0,1
HG04189,BEB,SAS,0,0,2
HG04194,BEB,SAS,0,0,1
HG04195,BEB,SAS,0,0,2
HG03995,STU,SAS,0,0,2
HG00533,CHS,EAS,0,0,1
HG00534,CHS,EAS,0,0,2
HG00536,CHS,EAS,0,0,1
HG00537,CHS,EAS,0,0,2
HG00542,CHS,EAS,0,0,1
HG00543,CHS,EAS,0,0,2
HG00553,PUR,AMR,0,0,1
HG00554,PUR,AMR,0,0,2
HG00556,CHS,EAS,0,0,1
HG00557,CHS,EAS,0,0,2
HG00559,CHS,EAS,0,0,1
HG00560,CHS,EAS,0,0,2
HG00565,CHS,EAS,0,0,1
HG00566,CHS,EAS,0,0,2
HG00580,CHS,EAS,0,0,1
HG00581,CHS,EAS,0,0,2
HG00583,CHS,EAS,0,0,1
HG00584,CHS,EAS,0,0,2
HG00589,CHS,EAS,0,0,1
HG00590,CHS,EAS,0,0,2
HG00592,CHS,EAS,0,0,1
HG00593,CHS,EAS,0,0,2
HG02104,PEL,AMR,0,0,1
HG02105,PEL,AMR,0,0,2
HG02017,KHV,EAS,0,0,1
HG02016,KHV,EAS,0,0,2
HG02020,KHV,EAS,0,0,1
HG02019,KHV,EAS,0,0,2
HG02023,KHV,EAS,0,0,1
HG02026,KHV,EAS,0,0,1
HG02025,KHV,EAS,0,0,2
HG02029,KHV,EAS,0,0,1
HG02028,KHV,EAS,0,0,2
HG02058,KHV,EAS,0,0,1
HG02057,KHV,EAS,0,0,2
HG02070,KHV,EAS,0,0,1
HG02069,KHV,EAS,0,0,2
HG02073,KHV,EAS,0,0,1
HG02072,KHV,EAS,0,0,2
HG02076,KHV,EAS,0,0,1
HG02075,KHV,EAS,0,0,2
HG02079,KHV,EAS,0,0,1
HG02078,KHV,EAS,0,0,2
HG02082,KHV,EAS,0,0,1
HG02646,GWD,AFR,0,0,2
HG02666,GWD,AFR,0,0,1
HG02667,GWD,AFR,0,0,2
HG02675,GWD,AFR,0,0,1
HG02676,GWD,AFR,0,0,2
HG02678,GWD,AFR,0,0,1
HG02679,GWD,AFR,0,0,2
HG02702,GWD,AFR,0,0,1
HG02703,GWD,AFR,0,0,2
HG02721,GWD,AFR,0,0,1
HG02722,GWD,AFR,0,0,2
HG02490,PJL,SAS,0,0,1
HG02491,PJL,SAS,0,0,2
HG02600,PJL,SAS,0,0,1
HG02601,PJL,SAS,0,0,2
HG02603,PJL,SAS,0,0,1
HG02604,PJL,SAS,0,0,2
HG02654,PJL,SAS,0,0,1
HG02655,PJL,SAS,0,0,2
HG02657,PJL,SAS,0,0,1
HG02658,PJL,SAS,0,0,2
HG02660,PJL,SAS,0,0,1
HG02505,ACB,AFR,0,0,2
HG02536,ACB,AFR,0,0,1
HG02541,ACB,AFR,0,0,1
HG02545,ACB,AFR,0,0,1
HG02546,ACB,AFR,0,0,2
HG02549,ACB,AFR,0,0,2
HG02554,ACB,AFR,0,0,1
HG02555,ACB,AFR,0,0,2
HG02557,ACB,AFR,0,0,1
HG02558,ACB,AFR,0,0,2
HG02577,ACB,AFR,0,0,2
HG02580,ACB,AFR,0,0,2
HG01088,PUR,AMR,0,0,1
HG01089,PUR,AMR,0,0,2
HG01302,PUR,AMR,0,0,1
HG01303,PUR,AMR,0,0,2
HG01311,PUR,AMR,0,0,1
HG01312,PUR,AMR,0,0,2
HG01323,PUR,AMR,0,0,2
HG01325,PUR,AMR,0,0,1
HG01326,PUR,AMR,0,0,2
HG01392,PUR,AMR,0,0,1
HG03899,STU,SAS,0,0,1
HG03951,STU,SAS,0,0,2
HG03857,STU,SAS,0,0,2
HG03854,STU,SAS,0,0,1
HG04100,STU,SAS,0,0,1
HG04210,STU,SAS,0,0,1
HG04075,STU,SAS,0,0,2
HG04229,STU,SAS,0,0,1
HG04227,STU,SAS,0,0,2
HG03945,STU,SAS,0,0,2
HG03955,STU,SAS,0,0,2
HG03990,STU,SAS,0,0,1
HG03991,STU,SAS,0,0,1
HG03985,STU,SAS,0,0,1
HG03989,STU,SAS,0,0,2
HG03998,STU,SAS,0,0,1
HG04003,STU,SAS,0,0,1
HG04038,STU,SAS,0,0,2
HG04039,STU,SAS,0,0,1
HG04047,STU,SAS,0,0,2
HG04107,STU,SAS,0,0,1
HG04106,STU,SAS,0,0,2
HG00595,CHS,EAS,0,0,1
HG00596,CHS,EAS,0,0,2
HG00607,CHS,EAS,0,0,1
HG00608,CHS,EAS,0,0,2
HG00610,CHS,EAS,0,0,1
HG00611,CHS,EAS,0,0,2
HG00613,CHS,EAS,0,0,1
HG00614,CHS,EAS,0,0,2
HG00619,CHS,EAS,0,0,1
HG00620,CHS,EAS,0,0,2
HG00625,CHS,EAS,0,0,1
HG00626,CHS,EAS,0,0,2
HG00628,CHS,EAS,0,0,1
HG00629,CHS,EAS,0,0,2
HG00634,CHS,EAS,0,0,1
HG00637,PUR,AMR,0,0,1
HG00638,PUR,AMR,0,0,2
HG00640,PUR,AMR,0,0,1
HG00641,PUR,AMR,0,0,2
HG00650,CHS,EAS,0,0,1
HG00651,CHS,EAS,0,0,2
HG00653,CHS,EAS,0,0,1
HG02081,KHV,EAS,0,0,2
HG02085,KHV,EAS,0,0,1
HG02084,KHV,EAS,0,0,2
HG02134,KHV,EAS,0,0,1
HG02133,KHV,EAS,0,0,2
HG01841,KHV,EAS,0,0,2
HG01595,KHV,EAS,0,0,2
HG01596,KHV,EAS,0,0,1
HG01597,KHV,EAS,0,0,2
HG01598,KHV,EAS,0,0,2
HG01599,KHV,EAS,0,0,2
HG01600,KHV,EAS,0,0,2
HG01840,KHV,EAS,0,0,1
HG01842,KHV,EAS,0,0,1
HG01843,KHV,EAS,0,0,2
HG01844,KHV,EAS,0,0,1
HG01845,KHV,EAS,0,0,2
HG01846,KHV,EAS,0,0,1
HG01847,KHV,EAS,0,0,2
HG01848,KHV,EAS,0,0,2
HG01849,KHV,EAS,0,0,1
HG01850,KHV,EAS,0,0,2
HG02661,PJL,SAS,0,0,2
HG02684,PJL,SAS,0,0,1
HG02685,PJL,SAS,0,0,2
HG02687,PJL,SAS,0,0,1
HG02688,PJL,SAS,0,0,2
HG02696,PJL,SAS,0,0,1
HG02697,PJL,SAS,0,0,2
HG02733,PJL,SAS,0,0,1
HG02734,PJL,SAS,0,0,2
HG02610,GWD,AFR,0,0,1
HG02611,GWD,AFR,0,0,2
HG02634,GWD,AFR,0,0,1
HG02635,GWD,AFR,0,0,2
HG02715,GWD,AFR,0,0,1
HG02716,GWD,AFR,0,0,2
HG02768,GWD,AFR,0,0,1
HG02769,GWD,AFR,0,0,2
HG02771,GWD,AFR,0,0,1
HG02772,GWD,AFR,0,0,2
HG02798,GWD,AFR,0,0,1
HG02799,GWD,AFR,0,0,2
HG02804,GWD,AFR,0,0,1
HG01393,PUR,AMR,0,0,2
HG01395,PUR,AMR,0,0,1
HG01396,PUR,AMR,0,0,2
HG01402,PUR,AMR,0,0,1
HG01403,PUR,AMR,0,0,2
HG01413,PUR,AMR,0,0,1
HG01414,PUR,AMR,0,0,2
HG00742,PUR,AMR,0,0,1
HG00743,PUR,AMR,0,0,2
HG01058,PUR,AMR,0,0,2
HG01063,PUR,AMR,0,0,1
HG01064,PUR,AMR,0,0,2
HG01077,PUR,AMR,0,0,2
HG01092,PUR,AMR,0,0,2
HG01161,PUR,AMR,0,0,1
HG01162,PUR,AMR,0,0,2
HG01164,PUR,AMR,0,0,1
HG01200,PUR,AMR,0,0,1
HG01286,PUR,AMR,0,0,1
HG01305,PUR,AMR,0,0,1
HG01308,PUR,AMR,0,0,1
HG01398,PUR,AMR,0,0,1
HG03774,ITU,SAS,0,0,2
HG04001,ITU,SAS,0,0,2
HG03866,ITU,SAS,0,0,1
HG03969,ITU,SAS,0,0,1
HG04023,ITU,SAS,0,0,1
HG04060,ITU,SAS,0,0,1
HG04090,ITU,SAS,0,0,2
HG04056,ITU,SAS,0,0,1
HG04054,ITU,SAS,0,0,2
HG04061,ITU,SAS,0,0,1
HG04062,ITU,SAS,0,0,2
HG04059,ITU,SAS,0,0,2
HG04076,ITU,SAS,0,0,2
HG04080,ITU,SAS,0,0,1
HG04094,ITU,SAS,0,0,1
HG04096,ITU,SAS,0,0,1
HG04098,ITU,SAS,0,0,1
HG03778,ITU,SAS,0,0,1
HG04209,ITU,SAS,0,0,2
HG04198,ITU,SAS,0,0,1
HG04200,ITU,SAS,0,0,2
HG04206,ITU,SAS,0,0,1
HG00654,CHS,EAS,0,0,2
HG00656,CHS,EAS,0,0,1
HG00657,CHS,EAS,0,0,2
HG00662,CHS,EAS,0,0,1
HG00663,CHS,EAS,0,0,2
HG00671,CHS,EAS,0,0,1
HG00672,CHS,EAS,0,0,2
HG00683,CHS,EAS,0,0,1
HG00684,CHS,EAS,0,0,2
HG00689,CHS,EAS,0,0,1
HG00690,CHS,EAS,0,0,2
HG00692,CHS,EAS,0,0,1
HG00693,CHS,EAS,0,0,2
HG00698,CHS,EAS,0,0,1
HG00699,CHS,EAS,0,0,2
HG00701,CHS,EAS,0,0,1
HG00704,CHS,EAS,0,0,1
HG00705,CHS,EAS,0,0,2
HG00707,CHS,EAS,0,0,1
HG00708,CHS,EAS,0,0,2
HG00717,CHS,EAS,0,0,2
HG00731,PUR,AMR,0,0,1
HG01851,KHV,EAS,0,0,2
HG01852,KHV,EAS,0,0,1
HG01853,KHV,EAS,0,0,2
HG01855,KHV,EAS,0,0,2
HG01857,KHV,EAS,0,0,2
HG01858,KHV,EAS,0,0,2
HG01859,KHV,EAS,0,0,2
HG01860,KHV,EAS,0,0,1
HG01861,KHV,EAS,0,0,1
HG01862,KHV,EAS,0,0,2
HG01863,KHV,EAS,0,0,2
HG01864,KHV,EAS,0,0,1
HG01865,KHV,EAS,0,0,1
HG01866,KHV,EAS,0,0,1
HG01867,KHV,EAS,0,0,1
HG01868,KHV,EAS,0,0,2
HG01869,KHV,EAS,0,0,2
HG01870,KHV,EAS,0,0,2
HG01871,KHV,EAS,0,0,2
HG01872,KHV,EAS,0,0,1
HG01873,KHV,EAS,0,0,1
HG01874,KHV,EAS,0,0,2
HG02805,GWD,AFR,0,0,2
HG02807,GWD,AFR,0,0,1
HG02808,GWD,AFR,0,0,2
HG02810,GWD,AFR,0,0,1
HG02811,GWD,AFR,0,0,2
HG02813,GWD,AFR,0,0,1
HG02814,GWD,AFR,0,0,2
HG02839,GWD,AFR,0,0,1
HG02840,GWD,AFR,0,0,2
HG02851,GWD,AFR,0,0,1
HG02852,GWD,AFR,0,0,2
HG02887,GWD,AFR,0,0,1
HG02888,GWD,AFR,0,0,2
HG02895,GWD,AFR,0,0,1
HG02896,GWD,AFR,0,0,2
HG03027,GWD,AFR,0,0,1
HG03028,GWD,AFR,0,0,2
HG03039,GWD,AFR,0,0,1
HG03040,GWD,AFR,0,0,2
HG03045,GWD,AFR,0,0,1
HG03046,GWD,AFR,0,0,2
HG03048,GWD,AFR,0,0,1
HG01405,PUR,AMR,0,0,1
HG01412,PUR,AMR,0,0,1
HG01119,CLM,AMR,0,0,2
HG01121,CLM,AMR,0,0,1
HG01122,CLM,AMR,0,0,2
HG01130,CLM,AMR,0,0,1
HG01131,CLM,AMR,0,0,2
HG01142,CLM,AMR,0,0,1
HG01269,CLM,AMR,0,0,2
HG01280,CLM,AMR,0,0,1
HG01281,CLM,AMR,0,0,2
HG01284,CLM,AMR,0,0,2
HG01362,CLM,AMR,0,0,1
HG01363,CLM,AMR,0,0,2
HG01369,CLM,AMR,0,0,2
HG01372,CLM,AMR,0,0,2
HG01431,CLM,AMR,0,0,1
HG01432,CLM,AMR,0,0,2
HG01435,CLM,AMR,0,0,2
HG01443,CLM,AMR,0,0,1
HG01444,CLM,AMR,0,0,2
HG01447,CLM,AMR,0,0,2
HG04202,ITU,SAS,0,0,2
HG04211,ITU,SAS,0,0,1
HG04212,ITU,SAS,0,0,2
HG04222,ITU,SAS,0,0,1
HG04214,ITU,SAS,0,0,2
HG04216,ITU,SAS,0,0,2
HG04239,ITU,SAS,0,0,1
HG04219,ITU,SAS,0,0,1
HG04225,ITU,SAS,0,0,1
HG04235,ITU,SAS,0,0,1
HG04238,ITU,SAS,0,0,1
HG03875,ITU,SAS,0,0,1
HG03965,ITU,SAS,0,0,1
HG04070,ITU,SAS,0,0,2
HG03868,ITU,SAS,0,0,2
HG03871,ITU,SAS,0,0,1
HG03967,ITU,SAS,0,0,1
HG00288,FIN,EUR,0,0,2
HG00290,FIN,EUR,0,0,1
HG00304,FIN,EUR,0,0,2
HG01765,IBS,EUR,0,0,1
HG01766,IBS,EUR,0,0,2
HG00732,PUR,AMR,0,0,2
HG00736,PUR,AMR,0,0,1
HG00737,PUR,AMR,0,0,2
HG00739,PUR,AMR,0,0,1
HG00740,PUR,AMR,0,0,2
HG01047,PUR,AMR,0,0,1
HG01048,PUR,AMR,0,0,1
HG01049,PUR,AMR,0,0,2
HG01054,PUR,AMR,0,0,1
HG01055,PUR,AMR,0,0,2
HG01066,PUR,AMR,0,0,1
HG01067,PUR,AMR,0,0,2
HG01079,PUR,AMR,0,0,1
HG01080,PUR,AMR,0,0,2
HG01097,PUR,AMR,0,0,1
HG01098,PUR,AMR,0,0,2
NA19913,ASW,AFR,NA19904,0,2
NA20274,ASW,AFR,0,0,2
NA20318,ASW,AFR,0,NA20317,1
NA20320,ASW,AFR,0,0,2
NA20321,ASW,AFR,0,0,2
NA20355,ASW,AFR,0,NA20334,2
HG01878,KHV,EAS,0,0,2
HG02048,KHV,EAS,0,0,2
HG02049,KHV,EAS,0,0,2
HG02086,KHV,EAS,0,0,2
HG02087,KHV,EAS,0,0,2
HG02088,KHV,EAS,0,0,1
HG02138,KHV,EAS,0,0,1
HG02139,KHV,EAS,0,0,2
HG02140,KHV,EAS,0,0,2
HG02142,KHV,EAS,0,0,2
HG01694,IBS,EUR,0,0,1
HG01695,IBS,EUR,0,0,2
HG01709,IBS,EUR,0,0,1
HG01710,IBS,EUR,0,0,2
HG01747,IBS,EUR,0,0,1
HG01746,IBS,EUR,0,0,2
HG01756,IBS,EUR,0,0,1
HG01757,IBS,EUR,0,0,2
HG01761,IBS,EUR,0,0,1
HG01762,IBS,EUR,0,0,2
HG01771,IBS,EUR,0,0,1
HG01770,IBS,EUR,0,0,2
HG03049,GWD,AFR,0,0,2
HG03258,GWD,AFR,0,0,1
HG03259,GWD,AFR,0,0,2
HG02756,GWD,AFR,0,0,1
HG02757,GWD,AFR,0,0,2
HG02816,GWD,AFR,0,0,1
HG02817,GWD,AFR,0,0,2
HG02836,GWD,AFR,0,0,1
HG02837,GWD,AFR,0,0,2
HG02860,GWD,AFR,0,0,1
HG02861,GWD,AFR,0,0,2
HG02884,GWD,AFR,0,0,1
HG02885,GWD,AFR,0,0,2
HG02890,GWD,AFR,0,0,1
HG02891,GWD,AFR,0,0,2
HG03052,MSL,AFR,0,0,2
HG03057,MSL,AFR,0,0,1
HG03058,MSL,AFR,0,0,2
HG03078,MSL,AFR,0,0,1
HG03084,MSL,AFR,0,0,1
HG03085,MSL,AFR,0,0,2
HG03096,MSL,AFR,0,0,1
HG01459,CLM,AMR,0,0,2
HG01468,CLM,AMR,0,0,2
HG01474,CLM,AMR,0,0,2
HG01479,CLM,AMR,0,0,1
HG01485,CLM,AMR,0,0,1
HG01486,CLM,AMR,0,0,2
HG01556,CLM,AMR,0,0,1
HG01961,PEL,AMR,0,0,1
HG01965,PEL,AMR,0,0,2
HG02006,PEL,AMR,0,0,2
HG02102,PEL,AMR,0,0,2
HG02150,PEL,AMR,0,0,1
HG02252,PEL,AMR,0,0,2
HG02253,PEL,AMR,0,0,1
HG02262,PEL,AMR,0,0,1
HG02265,PEL,AMR,0,0,1
HG02266,PEL,AMR,0,0,2
HG02274,PEL,AMR,0,0,1
HG02275,PEL,AMR,0,0,2
HG02304,PEL,AMR,0,0,1
HG02312,PEL,AMR,0,0,2
HG02345,PEL,AMR,0,0,2
HG01767,IBS,EUR,0,0,1
HG01768,IBS,EUR,0,0,2
HG01785,IBS,EUR,0,0,1
HG01786,IBS,EUR,0,0,2
HG02219,IBS,EUR,0,0,1
NA18874,YRI,AFR,0,0,1
NA12830,CEU,EUR,0,0,2
NA12546,CEU,EUR,0,0,1
NA20362,ASW,AFR,0,NA20359,1
HG00734,PUR,AMR,0,0,2
HG00154,GBR,EUR,0,0,2
HG00246,GBR,EUR,0,0,1
HG00250,GBR,EUR,0,0,2
HG00251,GBR,EUR,0,0,1
HG00274,FIN,EUR,0,0,2
HG00275,FIN,EUR,0,0,2
HG00276,FIN,EUR,0,0,2
HG00277,FIN,EUR,0,0,1
HG00278,FIN,EUR,0,0,1
HG00280,FIN,EUR,0,0,1
HG00281,FIN,EUR,0,0,2
HG00282,FIN,EUR,0,0,2
HG00284,FIN,EUR,0,0,1
HG00285,FIN,EUR,0,0,2
HG00310,FIN,EUR,0,0,1
HG00324,FIN,EUR,0,0,2
HG00325,FIN,EUR,0,0,1
HG00326,FIN,EUR,0,0,2
HG00329,FIN,EUR,0,0,1
HG00330,FIN,EUR,0,0,2
HG01775,IBS,EUR,0,0,1
HG01773,IBS,EUR,0,0,2
HG01777,IBS,EUR,0,0,1
HG01776,IBS,EUR,0,0,2
HG01781,IBS,EUR,0,0,1
HG01779,IBS,EUR,0,0,2
HG00759,CDX,EAS,0,0,2
HG00766,CDX,EAS,0,0,2
HG00844,CDX,EAS,0,0,1
HG00851,CDX,EAS,0,0,2
HG00864,CDX,EAS,0,0,2
HG00867,CDX,EAS,0,0,2
HG00879,CDX,EAS,0,0,2
HG00881,CDX,EAS,0,0,1
HG00956,CDX,EAS,0,0,2
HG00978,CDX,EAS,0,0,2
HG00982,CDX,EAS,0,0,1
HG01028,CDX,EAS,0,0,1
HG01029,CDX,EAS,0,0,2
HG01031,CDX,EAS,0,0,1
HG01046,CDX,EAS,0,0,2
HG01794,CDX,EAS,0,0,2
HG03097,MSL,AFR,0,0,2
HG03397,MSL,AFR,0,0,1
HG03451,MSL,AFR,0,0,1
HG03452,MSL,AFR,0,0,2
HG03464,MSL,AFR,0,0,2
HG03469,MSL,AFR,0,0,1
HG03472,MSL,AFR,0,0,1
HG02923,ESN,AFR,0,0,1
HG02922,ESN,AFR,0,0,2
HG02944,ESN,AFR,0,0,1
HG02943,ESN,AFR,0,0,2
HG02974,ESN,AFR,0,0,2
HG02973,ESN,AFR,0,0,1
HG03100,ESN,AFR,0,0,1
HG03099,ESN,AFR,0,0,2
HG03109,ESN,AFR,0,0,1
HG03108,ESN,AFR,0,0,2
HG03115,ESN,AFR,0,0,1
HG03114,ESN,AFR,0,0,2
HG03121,ESN,AFR,0,0,2
HG03120,ESN,AFR,0,0,1
HG03124,ESN,AFR,0,0,1
HG02348,PEL,AMR,0,0,2
HG02425,PEL,AMR,0,0,2
HG02408,CDX,EAS,0,0,1
HG02410,CDX,EAS,0,0,1
HG03237,PJL,SAS,0,0,1
HG03238,PJL,SAS,0,0,2
HG03607,BEB,SAS,0,0,2
HG03805,BEB,SAS,0,0,2
HG03908,BEB,SAS,0,0,1
HG03907,BEB,SAS,0,0,2
HG03926,BEB,SAS,0,0,1
HG03925,BEB,SAS,0,0,2
HG03594,BEB,SAS,0,0,1
HG03595,BEB,SAS,0,0,2
HG03809,BEB,SAS,0,0,1
HG03808,BEB,SAS,0,0,2
HG03009,BEB,SAS,0,0,1
HG03812,BEB,SAS,0,0,1
HG03817,BEB,SAS,0,0,2
HG03902,BEB,SAS,0,0,1
HG03012,BEB,SAS,0,0,1
HG03905,BEB,SAS,0,0,1
HG00331,FIN,EUR,0,0,2
HG00332,FIN,EUR,0,0,2
HG00334,FIN,EUR,0,0,2
HG00341,FIN,EUR,0,0,1
HG00383,FIN,EUR,0,0,2
HG00551,PUR,AMR,0,0,2
HG01051,PUR,AMR,0,0,1
HG01052,PUR,AMR,0,0,2
HG01060,PUR,AMR,0,0,1
HG01061,PUR,AMR,0,0,2
HG01069,PUR,AMR,0,0,1
HG01070,PUR,AMR,0,0,2
HG01072,PUR,AMR,0,0,1
HG01073,PUR,AMR,0,0,2
HG01075,PUR,AMR,0,0,1
HG01082,PUR,AMR,0,0,1
HG01083,PUR,AMR,0,0,2
HG01085,PUR,AMR,0,0,1
HG01086,PUR,AMR,0,0,2
HG01094,PUR,AMR,0,0,1
HG01095,PUR,AMR,0,0,2
HG01101,PUR,AMR,0,0,1
HG01795,CDX,EAS,0,0,2
HG01796,CDX,EAS,0,0,2
HG01797,CDX,EAS,0,0,2
HG01798,CDX,EAS,0,0,2
HG01799,CDX,EAS,0,0,2
HG01800,CDX,EAS,0,0,2
HG01801,CDX,EAS,0,0,2
HG01802,CDX,EAS,0,0,2
HG01804,CDX,EAS,0,0,2
HG01805,CDX,EAS,0,0,2
HG01806,CDX,EAS,0,0,2
HG01807,CDX,EAS,0,0,2
HG01808,CDX,EAS,0,0,2
HG01809,CDX,EAS,0,0,2
HG01810,CDX,EAS,0,0,1
HG01811,CDX,EAS,0,0,1
HG01812,CDX,EAS,0,0,2
HG01813,CDX,EAS,0,0,2
HG02151,CDX,EAS,0,0,2
HG01815,CDX,EAS,0,0,2
HG01816,CDX,EAS,0,0,1
HG01817,CDX,EAS,0,0,2
HG03123,ESN,AFR,0,0,2
HG03133,ESN,AFR,0,0,1
HG03132,ESN,AFR,0,0,2
HG03136,ESN,AFR,0,0,1
HG03135,ESN,AFR,0,0,2
HG02724,PJL,SAS,0,0,1
HG02725,PJL,SAS,0,0,2
HG02727,PJL,SAS,0,0,1
HG02728,PJL,SAS,0,0,2
HG02783,PJL,SAS,0,0,1
HG02784,PJL,SAS,0,0,2
HG02786,PJL,SAS,0,0,1
HG02787,PJL,SAS,0,0,2
HG02789,PJL,SAS,0,0,1
HG02790,PJL,SAS,0,0,2
HG00409,CHS,EAS,0,0,1
HG00410,CHS,EAS,0,0,2
HG00598,CHS,EAS,0,0,1
HG00599,CHS,EAS,0,0,2
HG00728,CHS,EAS,0,0,1
HG00729,CHS,EAS,0,0,2
HG00622,CHS,EAS,0,0,1
HG03911,BEB,SAS,0,0,1
HG03910,BEB,SAS,0,0,2
HG03916,BEB,SAS,0,0,2
HG03919,BEB,SAS,0,0,2
HG03928,BEB,SAS,0,0,2
HG03931,BEB,SAS,0,0,2
HG03585,BEB,SAS,0,0,1
HG03937,BEB,SAS,0,0,2
HG03934,BEB,SAS,0,0,2
HG04146,BEB,SAS,0,0,1
HG03589,BEB,SAS,0,0,2
HG04159,BEB,SAS,0,0,2
HG03593,BEB,SAS,0,0,1
HG04186,BEB,SAS,0,0,2
HG03598,BEB,SAS,0,0,2
HG03755,STU,SAS,0,0,1
HG03850,STU,SAS,0,0,1
HG03894,STU,SAS,0,0,2
HG03897,STU,SAS,0,0,2
HG03944,STU,SAS,0,0,2
HG03646,STU,SAS,0,0,1
HG03645,STU,SAS,0,0,2
HG01102,PUR,AMR,0,0,2
HG01104,PUR,AMR,0,0,1
HG01105,PUR,AMR,0,0,2
HG01107,PUR,AMR,0,0,1
HG01108,PUR,AMR,0,0,2
HG01110,PUR,AMR,0,0,1
HG01111,PUR,AMR,0,0,2
HG01112,CLM,AMR,0,0,1
HG01113,CLM,AMR,0,0,2
HG01124,CLM,AMR,0,0,1
HG01125,CLM,AMR,0,0,2
HG01133,CLM,AMR,0,0,1
HG01134,CLM,AMR,0,0,2
HG01136,CLM,AMR,0,0,1
HG01137,CLM,AMR,0,0,2
HG01139,CLM,AMR,0,0,1
HG01140,CLM,AMR,0,0,2
HG01148,CLM,AMR,0,0,1
HG01149,CLM,AMR,0,0,2
HG01167,PUR,AMR,0,0,1
HG01168,PUR,AMR,0,0,2
HG01170,PUR,AMR,0,0,1
HG02152,CDX,EAS,0,0,2
HG02153,CDX,EAS,0,0,2
HG02154,CDX,EAS,0,0,2
HG02155,CDX,EAS,0,0,2
HG02156,CDX,EAS,0,0,2
HG02164,CDX,EAS,0,0,2
HG02165,CDX,EAS,0,0,2
HG02166,CDX,EAS,0,0,2
HG02178,CDX,EAS,0,0,2
HG02179,CDX,EAS,0,0,2
HG02180,CDX,EAS,0,0,2
HG02181,CDX,EAS,0,0,2
HG02182,CDX,EAS,0,0,2
HG02184,CDX,EAS,0,0,2
HG02185,CDX,EAS,0,0,2
HG02186,CDX,EAS,0,0,2
HG02187,CDX,EAS,0,0,2
HG02188,CDX,EAS,0,0,2
HG02190,CDX,EAS,0,0,2
HG01789,GBR,EUR,0,0,1
HG01790,GBR,EUR,0,0,2
HG01791,GBR,EUR,0,0,1
HG00623,CHS,EAS,0,0,2
HG00631,CHS,EAS,0,0,1
HG00632,CHS,EAS,0,0,2
HG00674,CHS,EAS,0,0,1
HG00675,CHS,EAS,0,0,2
HG03024,GWD,AFR,0,0,1
HG03025,GWD,AFR,0,0,2
HG03240,GWD,AFR,0,0,1
HG03241,GWD,AFR,0,0,2
HG03246,GWD,AFR,0,0,1
HG03247,GWD,AFR,0,0,2
HG03538,GWD,AFR,0,0,1
HG03539,GWD,AFR,0,0,2
HG02819,GWD,AFR,0,0,1
HG02820,GWD,AFR,0,0,2
HG02854,GWD,AFR,0,0,1
HG02855,GWD,AFR,0,0,2
HG03470,MSL,AFR,0,0,2
HG03473,MSL,AFR,0,0,2
HG03081,MSL,AFR,0,0,1
HG03088,MSL,AFR,0,0,2
HG03209,MSL,AFR,0,0,1
HG03999,STU,SAS,0,0,1
HG03672,STU,SAS,0,0,1
HG03680,STU,SAS,0,0,1
HG03681,STU,SAS,0,0,1
HG03685,STU,SAS,0,0,1
HG03686,STU,SAS,0,0,1
HG03687,STU,SAS,0,0,1
HG03689,STU,SAS,0,0,2
HG03690,STU,SAS,0,0,2
HG03691,STU,SAS,0,0,1
HG03694,STU,SAS,0,0,1
HG03695,STU,SAS,0,0,1
HG03696,STU,SAS,0,0,1
HG03697,STU,SAS,0,0,1
HG03698,STU,SAS,0,0,2
HG03711,STU,SAS,0,0,1
HG03733,STU,SAS,0,0,2
HG03736,STU,SAS,0,0,2
HG03738,STU,SAS,0,0,1
HG03744,STU,SAS,0,0,1
HG03745,STU,SAS,0,0,1
HG03752,STU,SAS,0,0,2
HG00405,CHS,EAS,HG00403,HG00404,2
HG00408,CHS,EAS,HG00406,HG00407,2
HG00418,CHS,EAS,0,0,1
HG00420,CHS,EAS,HG00418,HG00419,1
HG00423,CHS,EAS,HG00421,HG00422,2
HG00427,CHS,EAS,0,0,1
HG00429,CHS,EAS,HG00427,HG00428,1
HG00438,CHS,EAS,HG00436,HG00437,2
HG00444,CHS,EAS,HG00442,HG00443,1
HG00447,CHS,EAS,HG00445,HG00446,2
HG00450,CHS,EAS,HG00448,HG00449,2
HG00453,CHS,EAS,HG00451,HG00452,2
HG00459,CHS,EAS,HG00457,HG00458,1
HG00465,CHS,EAS,HG00463,HG00464,1
HG00474,CHS,EAS,HG00472,HG00473,1
HG00477,CHS,EAS,HG00475,HG00476,1
HG00480,CHS,EAS,HG00478,HG00479,1
HG00501,CHS,EAS,0,0,2
HG00502,CHS,EAS,HG00500,HG00501,1
HG00512,CHS,EAS,0,0,1
HG00514,CHS,EAS,HG00512,HG00513,2
HG00526,CHS,EAS,HG00524,HG00525,1
HG00532,CHS,EAS,HG00530,HG00531,1
HG00535,CHS,EAS,HG00533,HG00534,1
HG00538,CHS,EAS,HG00536,HG00537,1
HG00544,CHS,EAS,HG00542,HG00543,2
HG00552,PUR,AMR,HG01075,HG00551,1
HG00555,PUR,AMR,HG00553,HG00554,2
HG00558,CHS,EAS,HG00556,HG00557,2
HG00561,CHS,EAS,HG00559,HG00560,2
HG00567,CHS,EAS,HG00565,HG00566,1
HG00577,CHS,EAS,0,0,1
HG00578,CHS,EAS,0,0,2
HG00579,CHS,EAS,HG00577,HG00578,2
HG00582,CHS,EAS,HG00580,HG00581,2
HG00585,CHS,EAS,HG00583,HG00584,2
HG00591,CHS,EAS,HG00589,HG00590,1
HG00594,CHS,EAS,HG00592,HG00593,1
HG00597,CHS,EAS,HG00595,HG00596,2
HG00609,CHS,EAS,HG00607,HG00608,1
HG00612,CHS,EAS,HG00610,HG00611,2
HG00615,CHS,EAS,HG00613,HG00614,2
HG00621,CHS,EAS,HG00619,HG00620,1
HG00627,CHS,EAS,HG00625,HG00626,1
HG00630,CHS,EAS,HG00628,HG00629,1
HG00635,CHS,EAS,0,0,2
HG00636,CHS,EAS,HG00634,HG00635,1
HG00639,PUR,AMR,HG00637,HG00638,2
HG00642,PUR,AMR,HG00640,HG00641,1
HG00652,CHS,EAS,HG00650,HG00651,2
HG00655,CHS,EAS,HG00653,HG00654,2
HG00658,CHS,EAS,HG00656,HG00657,1
HG00664,CHS,EAS,HG00662,HG00663,1
HG00673,CHS,EAS,HG00671,HG00672,1
HG00685,CHS,EAS,HG00683,HG00684,1
HG00691,CHS,EAS,HG00689,HG00690,1
HG00694,CHS,EAS,HG00692,HG00693,1
HG00700,CHS,EAS,HG00698,HG00699,2
HG00702,CHS,EAS,HG00656,HG00657,2
HG00703,CHS,EAS,HG00701,HG00702,1
HG00706,CHS,EAS,HG00704,HG00705,1
HG00709,CHS,EAS,HG00707,HG00708,1
HG00733,PUR,AMR,HG00731,HG00732,2
HG00735,PUR,AMR,HG01047,HG00734,2
HG00738,PUR,AMR,HG00736,HG00737,1
HG00741,PUR,AMR,HG00739,HG00740,2
HG01050,PUR,AMR,HG01048,HG01049,2
HG01053,PUR,AMR,HG01051,HG01052,2
HG01056,PUR,AMR,HG01054,HG01055,1
HG01062,PUR,AMR,HG01060,HG01061,2
HG01068,PUR,AMR,HG01066,HG01067,2
HG01071,PUR,AMR,HG01069,HG01070,2
HG01074,PUR,AMR,HG01072,HG01073,1
HG01081,PUR,AMR,HG01079,HG01080,2
HG01084,PUR,AMR,HG01082,HG01083,2
HG01087,PUR,AMR,HG01085,HG01086,2
HG01096,PUR,AMR,HG01094,HG01095,1
HG01099,PUR,AMR,HG01097,HG01098,1
HG01100,PUR,AMR,HG01247,HG01248,2
HG01103,PUR,AMR,HG01101,HG01102,2
HG01106,PUR,AMR,HG01104,HG01105,1
HG01109,PUR,AMR,HG01107,HG01108,1
HG01114,CLM,AMR,HG01112,HG01113,2
HG01126,CLM,AMR,HG01124,HG01125,1
HG01135,CLM,AMR,HG01133,HG01134,1
HG01138,CLM,AMR,HG01136,HG01137,1
HG01141,CLM,AMR,HG01139,HG01140,2
HG01150,CLM,AMR,HG01148,HG01149,2
HG01169,PUR,AMR,HG01167,HG01168,2
HG01172,PUR,AMR,HG01170,HG01171,1
HG01175,PUR,AMR,HG01173,HG01174,2
HG01178,PUR,AMR,HG01176,HG01177,1
HG01184,PUR,AMR,HG01182,HG01183,2
HG01189,PUR,AMR,HG01187,HG01188,1
HG01192,PUR,AMR,HG01190,HG01191,1
HG01199,PUR,AMR,HG01197,HG01198,1
HG01206,PUR,AMR,HG01204,HG01205,1
HG01243,PUR,AMR,HG01241,HG01242,1
HG01249,PUR,AMR,HG01110,HG01111,2
HG01252,CLM,AMR,HG01250,HG01251,1
HG01255,CLM,AMR,HG01253,HG01254,1
HG01258,CLM,AMR,HG01256,HG01257,1
HG01261,CLM,AMR,HG01259,HG01260,1
HG01273,CLM,AMR,HG01271,HG01272,1
HG01274,CLM,AMR,0,0,1
HG01276,CLM,AMR,HG01274,HG01275,2
HG01278,CLM,AMR,0,0,2
HG01279,CLM,AMR,HG01277,HG01278,2
HG01343,CLM,AMR,HG01341,HG01342,2
HG01346,CLM,AMR,HG01344,HG01345,2
HG01347,CLM,AMR,0,0,1
HG01349,CLM,AMR,HG01347,HG01348,2
HG01352,CLM,AMR,HG01350,HG01351,2
HG01355,CLM,AMR,HG01353,HG01354,2
HG01358,CLM,AMR,HG01356,HG01357,1
HG01361,CLM,AMR,HG01359,HG01360,2
HG01367,CLM,AMR,HG01365,HG01366,2
HG01376,CLM,AMR,HG01374,HG01375,2
HG01379,CLM,AMR,HG01377,HG01378,2
HG01385,CLM,AMR,HG01383,HG01384,2
HG01391,CLM,AMR,HG01389,HG01390,2
HG01433,CLM,AMR,HG01431,HG01432,1
HG01439,CLM,AMR,HG01437,HG01438,2
HG01457,CLM,AMR,HG01455,HG01456,1
HG01463,CLM,AMR,HG01461,HG01462,2
HG01466,CLM,AMR,HG01464,HG01465,2
HG01490,CLM,AMR,HG01488,HG01489,2
HG01493,CLM,AMR,HG01491,HG01492,2
HG01496,CLM,AMR,HG01494,HG01495,2
HG01499,CLM,AMR,HG01497,HG01498,1
HG01502,IBS,EUR,HG01500,HG01501,1
HG01505,IBS,EUR,HG01503,HG01504,1
HG01508,IBS,EUR,HG01506,HG01507,1
HG01511,IBS,EUR,HG01509,HG01510,2
HG01514,IBS,EUR,HG01512,HG01513,2
HG01517,IBS,EUR,HG01515,HG01516,2
HG01520,IBS,EUR,HG01518,HG01519,2
HG01523,IBS,EUR,HG01521,HG01522,1
HG01526,IBS,EUR,HG01524,HG01525,1
HG01529,IBS,EUR,HG01527,HG01528,1
HG01532,IBS,EUR,HG01530,HG01531,1
HG01538,IBS,EUR,HG01536,HG01537,2
HG01552,CLM,AMR,HG01550,HG01551,1
HG01567,PEL,AMR,HG01565,HG01566,2
HG01573,PEL,AMR,HG01571,HG01572,2
HG01579,PEL,AMR,HG01577,HG01578,1
HG01601,IBS,EUR,HG01603,HG01602,1
HG01604,IBS,EUR,HG01606,HG01605,2
HG01609,IBS,EUR,HG01608,HG01607,1
HG01611,IBS,EUR,HG01610,HG01612,1
HG01614,IBS,EUR,HG01615,HG01613,2
HG01616,IBS,EUR,HG01617,HG01618,2
HG01621,IBS,EUR,HG01619,HG01620,1
HG01622,IBS,EUR,HG01624,HG01623,2
HG01627,IBS,EUR,HG01625,HG01626,1
HG01629,IBS,EUR,HG01630,HG01628,1
HG01633,IBS,EUR,HG01631,HG01632,1
HG01667,IBS,EUR,HG01669,HG01668,1
HG01671,IBS,EUR,HG01672,HG01670,1
HG01674,IBS,EUR,HG01675,HG01673,1
HG01677,IBS,EUR,HG01678,HG01676,2
HG01681,IBS,EUR,HG01680,HG01679,2
HG01683,IBS,EUR,HG01682,HG01684,1
HG01687,IBS,EUR,HG01686,HG01685,2
HG01696,IBS,EUR,HG01694,HG01695,1
HG01698,IBS,EUR,HG01699,HG01697,1
HG01701,IBS,EUR,HG01700,HG01702,1
HG01703,IBS,EUR,HG01705,HG01704,1
HG01706,IBS,EUR,HG01708,HG01707,2
HG01711,IBS,EUR,HG01709,HG01710,2
HG01748,IBS,EUR,HG01747,HG01746,1
HG01755,IBS,EUR,HG01756,HG01757,2
HG01763,IBS,EUR,HG01761,HG01762,2
HG01772,IBS,EUR,HG01771,HG01770,2
HG01774,IBS,EUR,HG01775,HG01773,1
HG01778,IBS,EUR,HG01777,HG01776,1
HG01780,IBS,EUR,HG01781,HG01779,1
HG01782,IBS,EUR,HG01783,HG01784,2
HG01881,ACB,AFR,HG01879,HG01880,2
HG01884,ACB,AFR,HG01885,HG01956,2
HG01887,ACB,AFR,HG02014,HG01886,1
HG01888,ACB,AFR,HG01882,HG01883,1
HG01891,ACB,AFR,HG01890,HG01889,2
HG01895,ACB,AFR,HG01912,HG01894,1
HG01897,ACB,AFR,HG02013,HG01896,1
HG01898,PEL,AMR,HG01892,HG01893,2
HG01916,ACB,AFR,HG01914,HG01915,2
HG01919,PEL,AMR,HG01917,HG01918,2
HG01922,PEL,AMR,HG01920,HG01921,2
HG01925,PEL,AMR,HG01923,HG01924,2
HG01928,PEL,AMR,HG01926,HG01927,1
HG01934,PEL,AMR,HG01932,HG01933,1
HG01937,PEL,AMR,HG01935,HG01936,1
HG01940,PEL,AMR,HG01938,HG01939,2
HG01943,PEL,AMR,HG01941,HG01942,1
HG01946,PEL,AMR,HG01944,HG01945,1
HG01949,PEL,AMR,HG01947,HG01948,2
HG01952,PEL,AMR,HG01950,HG01951,1
HG01955,PEL,AMR,HG01953,HG01954,2
HG01959,ACB,AFR,HG01986,HG01958,2
HG01960,ACB,AFR,HG01988,HG01989,2
HG01969,PEL,AMR,HG01967,HG01968,2
HG01972,PEL,AMR,HG01970,HG01971,2
HG01975,PEL,AMR,HG01974,HG01973,2
HG01978,PEL,AMR,HG01977,HG01976,2
HG01981,PEL,AMR,HG01979,HG01980,2
HG01983,PEL,AMR,0,0,2
HG01984,PEL,AMR,HG01982,HG01983,1
HG01987,ACB,AFR,HG01990,HG02012,1
HG01993,PEL,AMR,HG01991,HG01992,2
HG01998,PEL,AMR,HG02008,HG01997,1
HG02004,PEL,AMR,HG02002,HG02003,2
HG02011,ACB,AFR,HG02009,HG02010,1
HG02015,KHV,EAS,HG02017,HG02016,1
HG02018,KHV,EAS,HG02020,HG02019,2
HG02024,KHV,EAS,HG02026,HG02025,2
HG02027,KHV,EAS,HG02029,HG02028,1
HG02030,KHV,EAS,HG02032,HG02031,1
HG02055,ACB,AFR,HG02053,HG02054,1
HG02056,KHV,EAS,HG02058,HG02057,1
HG02059,KHV,EAS,HG02061,HG02060,2
HG02068,KHV,EAS,HG02070,HG02069,2
HG02071,KHV,EAS,HG02073,HG02072,1
HG02074,KHV,EAS,HG02076,HG02075,1
HG02077,KHV,EAS,HG02079,HG02078,1
HG02080,KHV,EAS,HG02082,HG02081,2
HG02083,KHV,EAS,HG02085,HG02084,1
HG02091,PEL,AMR,HG02090,HG02089,2
HG02106,PEL,AMR,HG02104,HG02105,2
HG02120,KHV,EAS,HG02122,HG02121,1
HG02126,KHV,EAS,HG02128,HG02127,2
HG02129,KHV,EAS,HG02131,HG02130,1
HG02132,KHV,EAS,HG02134,HG02133,1
HG02135,KHV,EAS,HG02137,HG02136,1
HG02145,ACB,AFR,HG02143,HG02144,1
HG02148,PEL,AMR,HG02146,HG02147,2
HG02222,IBS,EUR,HG02221,HG02220,2
HG02225,IBS,EUR,HG02224,HG02223,2
HG02229,IBS,EUR,HG02231,HG02230,2
HG02234,IBS,EUR,HG02233,HG02232,1
HG02237,IBS,EUR,HG02236,HG02235,2
HG02240,IBS,EUR,HG02238,HG02239,2
HG02257,ACB,AFR,HG02255,HG02256,2
HG02258,ACB,AFR,HG02314,HG02315,1
HG02261,PEL,AMR,HG02259,HG02260,1
HG02273,PEL,AMR,HG02271,HG02272,2
HG02279,PEL,AMR,HG02277,HG02278,1
HG02280,ACB,AFR,HG02307,HG02308,2
HG02287,PEL,AMR,HG02285,HG02286,2
HG02293,PEL,AMR,HG02291,HG02292,2
HG02300,PEL,AMR,HG02299,HG02298,2
HG02302,PEL,AMR,0,0,1
HG02303,PEL,AMR,HG02302,HG02301,2
HG02316,ACB,AFR,HG02317,HG02318,1
HG02321,ACB,AFR,HG02281,HG02282,2
HG02451,ACB,AFR,HG02449,HG02450,2
HG02463,GWD,AFR,HG02461,HG02462,1
HG02466,GWD,AFR,HG02464,HG02465,1
HG02492,PJL,SAS,HG02490,HG02491,1
HG02495,PJL,SAS,HG02493,HG02494,2
HG02514,KHV,EAS,HG02512,HG02513,1
HG02523,KHV,EAS,HG02521,HG02522,2
HG02524,KHV,EAS,0,0,1
HG02525,KHV,EAS,0,0,2
HG02526,KHV,EAS,HG02524,HG02525,2
HG02563,GWD,AFR,HG02561,HG02562,1
HG02569,GWD,AFR,0,HG02568,1
HG02572,GWD,AFR,HG02570,HG02571,1
HG02575,GWD,AFR,HG02573,HG02574,1
HG02584,GWD,AFR,HG02582,HG02583,1
HG02587,GWD,AFR,HG02585,HG02586,2
HG02590,GWD,AFR,HG02588,HG02589,1
HG02596,GWD,AFR,HG02594,HG02595,1
HG02602,PJL,SAS,HG02600,HG02601,1
HG02605,PJL,SAS,HG02603,HG02604,2
HG02612,GWD,AFR,HG02610,HG02611,1
HG02615,GWD,AFR,HG02613,HG02614,2
HG02622,GWD,AFR,HG02620,HG02621,2
HG02625,GWD,AFR,HG02623,HG02624,1
HG02630,GWD,AFR,HG02628,HG02629,2
HG02636,GWD,AFR,HG02634,HG02635,1
HG02644,GWD,AFR,HG02642,HG02643,1
HG02647,GWD,AFR,HG02645,HG02646,1
HG02650,PJL,SAS,HG02648,HG02649,1
HG02653,PJL,SAS,HG02651,HG02652,2
HG02656,PJL,SAS,HG02654,HG02655,1
HG02659,PJL,SAS,HG02657,HG02658,2
HG02662,PJL,SAS,HG02660,HG02661,2
HG02668,GWD,AFR,HG02666,HG02667,1
HG02677,GWD,AFR,HG02675,HG02676,2
HG02680,GWD,AFR,HG02678,HG02679,2
HG02683,PJL,SAS,HG02681,HG02682,2
HG02686,PJL,SAS,HG02684,HG02685,1
HG02689,PJL,SAS,HG02687,HG02688,1
HG02692,PJL,SAS,HG02690,HG02691,2
HG02698,PJL,SAS,HG02696,HG02697,1
HG02701,PJL,SAS,HG02699,HG02700,1
HG02704,GWD,AFR,HG02702,HG02703,2
HG02717,GWD,AFR,HG02715,HG02716,1
HG02723,GWD,AFR,HG02721,HG02722,2
HG02726,PJL,SAS,HG02724,HG02725,2
HG02729,PJL,SAS,HG02727,HG02728,1
HG02735,PJL,SAS,HG02733,HG02734,1
HG02738,PJL,SAS,HG02736,HG02737,1
HG02761,GWD,AFR,HG02759,HG02760,2
HG02762,GWD,AFR,0,0,1
HG02764,GWD,AFR,HG02762,HG02763,1
HG02770,GWD,AFR,HG02768,HG02769,2
HG02773,GWD,AFR,HG02771,HG02772,1
HG02776,PJL,SAS,HG02774,HG02775,2
HG02785,PJL,SAS,HG02783,HG02784,2
HG02788,PJL,SAS,HG02786,HG02787,2
HG02791,PJL,SAS,HG02789,HG02790,1
HG02794,PJL,SAS,HG02792,HG02793,1
HG02800,GWD,AFR,HG02798,HG02799,1
HG02806,GWD,AFR,HG02804,HG02805,2
HG02809,GWD,AFR,HG02807,HG02808,2
HG02812,GWD,AFR,HG02810,HG02811,1
HG02815,GWD,AFR,HG02813,HG02814,1
HG02818,GWD,AFR,HG02816,HG02817,2
HG02821,GWD,AFR,HG02819,HG02820,1
HG02838,GWD,AFR,HG02836,HG02837,1
HG02841,GWD,AFR,HG02839,HG02840,2
HG02853,GWD,AFR,HG02851,HG02852,1
HG02856,GWD,AFR,HG02854,HG02855,1
HG02862,GWD,AFR,HG02860,HG02861,2
HG02869,GWD,AFR,0,0,1
HG02871,GWD,AFR,HG02869,HG02870,2
HG02880,GWD,AFR,HG02878,HG02879,2
HG02883,GWD,AFR,HG02881,HG02882,1
HG02886,GWD,AFR,HG02884,HG02885,2
HG02889,GWD,AFR,HG02887,HG02888,2
HG02892,GWD,AFR,HG02890,HG02891,1
HG02897,GWD,AFR,HG02895,HG02896,2
HG02924,ESN,AFR,HG02923,HG02922,1
HG02945,ESN,AFR,HG02944,HG02943,2
HG02948,ESN,AFR,HG02947,HG02946,1
HG02954,ESN,AFR,HG02953,HG02952,1
HG02964,ESN,AFR,0,0,2
HG02965,ESN,AFR,0,0,1
HG02966,ESN,AFR,HG02965,HG02964,1
HG02972,ESN,AFR,HG02971,HG02970,1
HG02975,ESN,AFR,HG02973,HG02974,1
HG02978,ESN,AFR,HG02977,HG02976,2
HG02980,ESN,AFR,HG02981,HG02979,1
HG02984,GWD,AFR,HG02982,HG02983,1
HG03008,BEB,SAS,HG03006,HG03007,1
HG03017,PJL,SAS,HG03015,HG03016,1
HG03026,GWD,AFR,HG03024,HG03025,2
HG03029,GWD,AFR,HG03027,HG03028,1
HG03033,GWD,AFR,0,0,1
HG03034,GWD,AFR,0,0,2
HG03035,GWD,AFR,HG03033,HG03034,1
HG03041,GWD,AFR,HG03039,HG03040,2
HG03047,GWD,AFR,HG03045,HG03046,2
HG03050,GWD,AFR,HG03048,HG03049,1
HG03056,MSL,AFR,HG03054,HG03055,1
HG03065,MSL,AFR,HG03063,HG03064,1
HG03098,MSL,AFR,HG03096,HG03097,1
HG03101,ESN,AFR,HG03100,HG03099,1
HG03110,ESN,AFR,HG03109,HG03108,2
HG03113,ESN,AFR,HG03112,HG03111,2
HG03116,ESN,AFR,HG03115,HG03114,2
HG03119,ESN,AFR,HG03118,HG03117,2
HG03122,ESN,AFR,HG03120,HG03121,1
HG03125,ESN,AFR,HG03124,HG03123,2
HG03128,ESN,AFR,HG03127,HG03126,1
HG03131,ESN,AFR,HG03130,HG03129,1
HG03134,ESN,AFR,HG03133,HG03132,1
HG03137,ESN,AFR,HG03136,HG03135,1
HG03161,ESN,AFR,HG03160,HG03159,1
HG03164,ESN,AFR,HG03163,HG03162,2
HG03170,ESN,AFR,HG03169,HG03168,1
HG03191,ESN,AFR,HG03190,HG03189,1
HG03197,ESN,AFR,HG03196,HG03195,1
HG03200,ESN,AFR,HG03199,HG03198,2
HG03230,PJL,SAS,HG03228,HG03229,2
HG03236,PJL,SAS,HG03234,HG03235,2
HG03239,PJL,SAS,HG03237,HG03238,2
HG03242,GWD,AFR,HG03240,HG03241,1
HG03248,GWD,AFR,HG03246,HG03247,1
HG03249,GWD,AFR,0,0,1
HG03250,GWD,AFR,0,0,2
HG03251,GWD,AFR,HG03249,HG03250,2
HG03260,GWD,AFR,HG03258,HG03259,1
HG03269,ESN,AFR,HG03268,HG03267,1
HG03272,ESN,AFR,HG03271,HG03270,2
HG03296,ESN,AFR,HG03295,HG03294,1
HG03299,ESN,AFR,HG03298,HG03297,1
HG03302,ESN,AFR,HG03301,HG03300,1
HG03305,ESN,AFR,HG03304,HG03303,2
HG03306,ESN,AFR,0,0,2
HG03307,ESN,AFR,0,0,1
HG03308,ESN,AFR,HG03307,HG03306,1
HG03309,ESN,AFR,0,0,2
HG03310,ESN,AFR,HG03311,HG03309,2
HG03312,ESN,AFR,0,0,2
HG03314,ESN,AFR,HG03313,HG03312,1
HG03344,ESN,AFR,HG03343,HG03342,1
HG03350,ESN,AFR,HG03352,HG03351,1
HG03368,ESN,AFR,HG03367,HG03366,1
HG03371,ESN,AFR,HG03370,HG03369,1
HG03373,ESN,AFR,0,0,1
HG03374,ESN,AFR,HG03373,HG03372,2
HG03438,MSL,AFR,HG03469,HG03470,2
HG03453,MSL,AFR,HG03451,HG03452,2
HG03454,MSL,AFR,0,0,1
HG03456,MSL,AFR,HG03454,HG03455,1
HG03480,MSL,AFR,HG03478,HG03479,2
HG03486,MSL,AFR,HG03484,HG03485,2
HG03487,PJL,SAS,0,0,1
HG03489,PJL,SAS,HG03487,HG03488,1
HG03492,PJL,SAS,HG03490,HG03491,1
HG03516,ESN,AFR,HG03515,HG03514,2
HG03519,ESN,AFR,HG03518,HG03517,1
HG03522,ESN,AFR,HG03521,HG03520,2
HG03540,GWD,AFR,HG03538,HG03539,2
HG03574,MSL,AFR,0,0,1
HG03576,MSL,AFR,HG03574,HG03575,2
HG03579,MSL,AFR,HG03577,HG03578,1
HG03582,MSL,AFR,0,0,1
HG03584,MSL,AFR,HG03582,HG03583,2
HG03596,BEB,SAS,HG03594,HG03595,1
HG03605,BEB,SAS,HG03606,HG03607,2
HG03606,BEB,SAS,0,0,1
HG03617,BEB,SAS,HG03615,HG03616,2
HG03618,PJL,SAS,0,0,1
HG03620,PJL,SAS,HG03618,HG03619,2
HG03626,PJL,SAS,HG03624,HG03625,2
HG03633,PJL,SAS,0,0,1
HG03635,PJL,SAS,HG03633,HG03634,2
HG03639,PJL,SAS,0,0,1
HG03641,PJL,SAS,HG03639,HG03640,1
HG03650,PJL,SAS,0,0,2
HG03651,PJL,SAS,HG03649,HG03650,1
HG03654,PJL,SAS,HG03652,HG03653,1
HG03669,PJL,SAS,HG03667,HG03668,2
HG03682,STU,SAS,0,0,1
HG03683,STU,SAS,HG03682,HG03684,2
HG03688,STU,SAS,HG03885,HG03886,1
HG03699,PJL,SAS,0,0,1
HG03700,PJL,SAS,0,0,2
HG03701,PJL,SAS,HG03699,HG03700,1
HG03704,PJL,SAS,HG03702,HG03703,2
HG03707,PJL,SAS,HG03705,HG03706,1
HG03710,PJL,SAS,HG03708,HG03709,1
HG03719,ITU,SAS,HG03725,HG03722,2
HG03721,ITU,SAS,0,0,2
HG03725,ITU,SAS,0,0,1
HG03732,ITU,SAS,HG03727,HG03721,1
HG03761,PJL,SAS,0,0,1
HG03763,PJL,SAS,HG03761,HG03762,1
HG03794,BEB,SAS,0,0,1
HG03795,BEB,SAS,HG03794,HG03793,1
HG03797,BEB,SAS,0,0,1
HG03798,BEB,SAS,HG03797,HG03796,1
HG03799,BEB,SAS,0,0,2
HG03801,BEB,SAS,HG03800,HG03799,2
HG03804,BEB,SAS,HG03803,HG03802,2
HG03806,BEB,SAS,0,0,1
HG03807,BEB,SAS,HG03806,HG03805,2
HG03816,BEB,SAS,HG03815,HG03814,2
HG03825,BEB,SAS,HG03824,HG03823,2
HG03831,BEB,SAS,HG03830,HG03829,2
HG03834,BEB,SAS,HG03833,HG03832,2
HG03904,BEB,SAS,0,0,2
HG03906,BEB,SAS,HG03905,HG03904,1
HG03909,BEB,SAS,HG03908,HG03907,1
HG03915,BEB,SAS,HG03914,HG03913,2
HG03927,BEB,SAS,HG03926,HG03925,2
HG03929,BEB,SAS,0,0,1
HG03930,BEB,SAS,HG03929,HG03928,2
HG03942,BEB,SAS,HG03941,HG03940,1
HG03992,STU,SAS,HG03943,HG03944,1
HG04036,STU,SAS,HG03943,HG03944,2
HG04115,STU,SAS,HG03896,HG03894,1
HG04122,STU,SAS,HG04127,HG04075,1
HG04127,STU,SAS,0,0,1
HG04132,BEB,SAS,0,0,2
HG04133,BEB,SAS,HG04131,HG04132,2
HG04135,BEB,SAS,0,0,2
HG04136,BEB,SAS,HG04134,HG04135,2
HG04142,BEB,SAS,HG04140,HG04141,2
HG04147,BEB,SAS,0,0,2
HG04148,BEB,SAS,HG04146,HG04147,2
HG04149,BEB,SAS,0,0,1
HG04150,BEB,SAS,0,0,2
HG04151,BEB,SAS,HG04149,HG04150,2
HG04157,BEB,SAS,HG04155,HG04156,1
HG04160,BEB,SAS,HG04158,HG04159,1
HG04174,BEB,SAS,0,0,2
HG04175,BEB,SAS,HG04173,HG04174,2
HG04184,BEB,SAS,HG04182,HG04183,2
HG04187,BEB,SAS,HG04185,HG04186,1
HG04191,BEB,SAS,0,0,1
HG04192,BEB,SAS,0,0,2
HG04193,BEB,SAS,HG04191,HG04192,1
HG04199,STU,SAS,HG04100,HG04099,1
HG04204,STU,SAS,HG03679,HG03642,1
HG04215,STU,SAS,HG03679,HG03642,1
HG04217,ITU,SAS,HG04198,HG04200,2
HG04228,STU,SAS,HG04229,HG04227,1
NA06991,CEU,EUR,NA06993,NA06985,2
NA06993,CEU,EUR,0,0,1
NA06995,CEU,EUR,NA07435,NA07037,1
NA06997,CEU,EUR,NA06986,NA07045,2
NA07014,CEU,EUR,NA07051,NA07031,2
NA07019,CEU,EUR,NA07022,NA07056,2
NA07022,CEU,EUR,0,0,1
NA07029,CEU,EUR,NA06994,NA07000,1
NA07031,CEU,EUR,0,0,2
NA07034,CEU,EUR,0,0,1
NA07045,CEU,EUR,0,0,2
NA07055,CEU,EUR,0,0,2
NA07345,CEU,EUR,0,0,2
NA07346,CEU,EUR,0,0,2
NA07348,CEU,EUR,NA07357,NA07345,2
NA07349,CEU,EUR,NA07347,NA07346,1
NA07435,CEU,EUR,0,0,1
NA10830,CEU,EUR,NA12154,NA12236,1
NA10831,CEU,EUR,NA12155,NA12156,2
NA10835,CEU,EUR,NA12248,NA12249,1
NA10836,CEU,EUR,NA12274,NA12275,2
NA10837,CEU,EUR,NA12272,NA12273,1
NA10838,CEU,EUR,NA12003,NA12004,1
NA10839,CEU,EUR,NA12005,NA12006,2
NA10840,CEU,EUR,NA12286,NA12287,2
NA10842,CEU,EUR,NA11917,NA11918,1
NA10843,CEU,EUR,NA11919,NA11920,2
NA10845,CEU,EUR,NA11930,NA11931,1
NA10846,CEU,EUR,NA12144,NA12145,1
NA10852,CEU,EUR,NA12045,NA12046,2
NA10854,CEU,EUR,NA11839,NA11840,2
NA10855,CEU,EUR,NA11831,NA11832,2
NA10856,CEU,EUR,NA11829,NA11830,1
NA10857,CEU,EUR,NA12043,NA12044,1
NA10859,CEU,EUR,NA11881,NA11882,2
NA10860,CEU,EUR,NA11992,NA11993,1
NA10861,CEU,EUR,NA11994,NA11995,2
NA10863,CEU,EUR,NA12264,NA12234,2
NA10864,CEU,EUR,NA11893,NA11894,2
NA10865,CEU,EUR,NA11891,NA11892,1
NA11839,CEU,EUR,0,0,1
NA11882,CEU,EUR,0,0,2
NA11891,CEU,EUR,0,0,1
NA11917,CEU,EUR,0,0,1
NA11993,CEU,EUR,0,0,2
NA12056,CEU,EUR,0,0,1
NA12057,CEU,EUR,0,0,2
NA12145,CEU,EUR,0,0,2
NA12146,CEU,EUR,0,0,1
NA12236,CEU,EUR,0,0,2
NA12239,CEU,EUR,0,0,2
NA12248,CEU,EUR,0,0,1
NA12264,CEU,EUR,0,0,1
NA12274,CEU,EUR,0,0,1
NA12329,CEU,EUR,NA06984,NA06989,2
NA12335,CEU,EUR,NA12340,NA12341,1
NA12336,CEU,EUR,NA12342,NA12343,2
NA12343,CEU,EUR,0,0,2
NA12344,CEU,EUR,NA12347,NA12348,1
NA12376,CEU,EUR,NA12546,NA12489,2
NA12386,CEU,EUR,NA12399,NA12400,2
NA12485,CEU,EUR,NA12413,NA12414,1
NA12707,CEU,EUR,NA12716,NA12717,1
NA12739,CEU,EUR,NA12748,NA12749,1
NA12740,CEU,EUR,NA12750,NA12751,2
NA12752,CEU,EUR,NA12760,NA12761,1
NA12753,CEU,EUR,NA12762,NA12763,2
NA12766,CEU,EUR,NA12775,NA12776,1
NA12767,CEU,EUR,NA12777,NA12778,2
NA12801,CEU,EUR,NA12812,NA12813,1
NA12802,CEU,EUR,NA12814,NA12815,2
NA12817,CEU,EUR,NA12827,NA12828,1
NA12818,CEU,EUR,NA12829,NA12830,2
NA12832,CEU,EUR,NA12842,NA12843,2
NA12864,CEU,EUR,NA12872,NA12873,1
NA12865,CEU,EUR,NA12874,NA12875,2
NA12875,CEU,EUR,0,0,2
NA12877,CEU,EUR,NA12889,NA12890,1
NA12891,CEU,EUR,0,0,1
NA12892,CEU,EUR,0,0,2
NA18484,YRI,AFR,NA18486,NA18488,2
NA18485,YRI,AFR,NA18487,NA18489,1
NA18487,YRI,AFR,0,0,1
NA18497,YRI,AFR,NA18498,NA18499,1
NA18500,YRI,AFR,NA18501,NA18502,1
NA18503,YRI,AFR,NA18504,NA18505,1
NA18506,YRI,AFR,NA18507,NA18508,1
NA18515,YRI,AFR,NA18516,NA18517,1
NA18518,YRI,AFR,NA18519,NA18520,2
NA18521,YRI,AFR,NA18522,NA18523,1
NA18852,YRI,AFR,0,0,2
NA18854,YRI,AFR,NA18853,NA18852,1
NA18855,YRI,AFR,0,0,2
NA18857,YRI,AFR,NA18856,NA18855,1
NA18859,YRI,AFR,0,0,1
NA18860,YRI,AFR,NA18859,NA18858,1
NA18862,YRI,AFR,0,0,1
NA18863,YRI,AFR,NA18862,NA18861,1
NA18869,YRI,AFR,NA18868,NA18867,1
NA18872,YRI,AFR,NA18871,NA18870,1
NA18875,YRI,AFR,NA18874,NA18873,2
NA18906,YRI,AFR,NA18877,NA18876,2
NA18911,YRI,AFR,NA18910,NA18909,1
NA18913,YRI,AFR,0,NA19238,1
NA18914,YRI,AFR,NA18913,NA18912,1
NA18925,YRI,AFR,NA18923,NA18924,1
NA18930,YRI,AFR,NA18917,NA18916,2
NA18935,YRI,AFR,NA18934,NA18933,1
NA19094,YRI,AFR,NA19092,NA19093,2
NA19097,YRI,AFR,NA19096,NA19095,2
NA19100,YRI,AFR,NA19098,NA19099,2
NA19101,YRI,AFR,0,0,1
NA19103,YRI,AFR,NA19101,NA19102,1
NA19109,YRI,AFR,NA19107,NA19108,2
NA19115,YRI,AFR,NA19113,NA19114,2
NA19120,YRI,AFR,NA19119,NA19116,1
NA19122,YRI,AFR,0,0,2
NA19123,YRI,AFR,NA19121,NA19122,1
NA19127,YRI,AFR,0,0,2
NA19128,YRI,AFR,0,0,1
NA19132,YRI,AFR,NA19130,NA19131,2
NA19139,YRI,AFR,NA19138,NA19137,1
NA19140,YRI,AFR,0,0,2
NA19142,YRI,AFR,NA19141,NA19140,1
NA19145,YRI,AFR,NA19144,NA19143,1
NA19148,YRI,AFR,NA19146,NA19147,2
NA19150,YRI,AFR,0,0,1
NA19151,YRI,AFR,NA19150,NA19149,2
NA19154,YRI,AFR,NA19153,NA19152,1
NA19161,YRI,AFR,NA19160,NA19159,1
NA19173,YRI,AFR,NA19171,NA19172,1
NA19174,YRI,AFR,NA19117,NA19118,1
NA19176,YRI,AFR,0,0,2
NA19177,YRI,AFR,NA19175,NA19176,1
NA19186,YRI,AFR,NA19184,NA19185,1
NA19191,YRI,AFR,NA19189,NA19190,1
NA19199,YRI,AFR,NA19198,NA19197,2
NA19202,YRI,AFR,NA19200,NA19201,2
NA19203,YRI,AFR,0,0,1
NA19205,YRI,AFR,NA19203,NA19204,1
NA19208,YRI,AFR,NA19207,NA19206,1
NA19211,YRI,AFR,NA19210,NA19209,1
NA19215,YRI,AFR,NA19213,NA19214,2
NA19221,YRI,AFR,NA19223,NA19222,2
NA19224,YRI,AFR,NA19226,NA19225,1
NA19226,YRI,AFR,0,0,1
NA19237,YRI,AFR,NA19236,NA19235,2
NA19240,YRI,AFR,NA19239,NA19238,2
NA19249,YRI,AFR,NA19248,NA19247,1
NA19258,YRI,AFR,NA19256,NA19257,1
NA19650,MXL,AMR,NA19649,NA19648,1
NA19653,MXL,AMR,NA19652,NA19651,2
NA19656,MXL,AMR,NA19655,NA19654,2
NA19659,MXL,AMR,NA19658,NA19657,2
NA19660,MXL,AMR,0,0,2
NA19662,MXL,AMR,NA19661,NA19660,2
NA19665,MXL,AMR,NA19664,NA19663,2
NA19671,MXL,AMR,NA19670,NA19669,2
NA19675,MXL,AMR,NA19679,NA19678,2
NA19677,MXL,AMR,NA19676,NA19675,2
NA19680,MXL,AMR,NA19679,NA19678,2
NA19683,MXL,AMR,NA19682,NA19681,2
NA19685,MXL,AMR,NA19661,NA19660,1
NA19686,MXL,AMR,NA19685,NA19684,2
NA19702,ASW,AFR,NA19700,NA19701,1
NA19705,ASW,AFR,NA19703,NA19704,1
NA19718,MXL,AMR,NA19717,NA19716,2
NA19721,MXL,AMR,NA19720,NA19719,2
NA19724,MXL,AMR,NA19723,NA19722,1
NA19727,MXL,AMR,NA19726,NA19725,1
NA19730,MXL,AMR,NA19729,NA19728,2
NA19733,MXL,AMR,NA19732,NA19731,2
NA19748,MXL,AMR,NA19747,NA19746,2
NA19751,MXL,AMR,NA19750,NA19749,1
NA19757,MXL,AMR,NA19756,NA19755,1
NA19760,MXL,AMR,NA19759,NA19758,2
NA19763,MXL,AMR,NA19762,NA19761,2
NA19772,MXL,AMR,NA19771,NA19770,1
NA19775,MXL,AMR,NA19774,NA19773,2
NA19778,MXL,AMR,NA19777,NA19776,1
NA19781,MXL,AMR,NA19780,NA19779,2
NA19784,MXL,AMR,NA19783,NA19782,1
NA19787,MXL,AMR,NA19786,NA19785,1
NA19790,MXL,AMR,NA19789,NA19788,2
NA19796,MXL,AMR,NA19795,NA19794,1
NA19828,ASW,AFR,NA19818,NA19819,1
NA19836,ASW,AFR,NA19834,NA19835,2
NA19902,ASW,AFR,NA19900,NA19901,2
NA19918,ASW,AFR,NA19916,NA19917,1
NA19919,ASW,AFR,NA19908,NA19909,1
NA19924,ASW,AFR,NA19922,NA19923,2
NA19983,ASW,AFR,NA19982,NA19713,2
NA20128,ASW,AFR,NA20126,NA20127,2
NA20129,ASW,AFR,NA19920,NA19921,2
NA20279,ASW,AFR,NA20278,NA20282,1
NA20358,ASW,AFR,NA20356,NA20357,1
